pid,y11,y21,Y1,y12,y22,Y2,x,k,z1,z2,z3
201,3,3,3,4,3,3.5,experiment,1,3,64,12
1001,4,3,3.5,4,3,3.5,control,0,3.5,61,0
1601,3,3,3,3,3,3,control,0,3,67,6
1801,3,3,3,2,3,2.5,experiment,0,3,70,6
1802,3,3,3,3,3,3,control,0,3,65,6
3202,4,3,3.5,2,2,2,control,1,3.5,69,9
4001,3,3,3,4,3,3.5,experiment,1,3,64,12
4401,4,3,3.5,3,2,2.5,experiment,1,3.5,61,9
4901,4,3,3.5,3,3,3,experiment,0,3.5,72,12
4902,4,3,3.5,3,3,3,control,0,3.5,66,9
5101,4,3,3.5,4,3,3.5,control,1,3.5,59,16
5503,2,2,2,2,3,2.5,experiment,1,2,60,14
6801,4,3,3.5,3,3,3,experiment,1,3.5,73,12
7201,2,3,2.5,3,2,2.5,experiment,0,2.5,71,12
7202,4,3,3.5,3,3,3,control,1,3.5,66,12
7301,4,3,3.5,3,2,2.5,experiment,0,3.5,65,6
7302,4,3,3.5,3,4,3.5,control,1,3.5,64,9
7901,4,3,3.5,3,3,3,experiment,1,3.5,66,16
8001,4,3,3.5,3,3,3,experiment,0,3.5,70,12
8002,4,3,3.5,3,3,3,control,1,3.5,64,12
9101,4,3,3.5,5,5,5,experiment,1,3.5,68,12
9301,4,3,3.5,3,3,3,experiment,1,3.5,64,12
9401,4,3,3.5,2,2,2,experiment,0,3.5,73,9
9402,4,3,3.5,3,3,3,control,1,3.5,69,6
10101,4,3,3.5,4,4,4,experiment,1,3.5,61,18
11201,4,3,3.5,3,3,3,experiment,0,3.5,73,12
11202,4,3,3.5,3,3,3,control,1,3.5,68,9
11901,2,3,2.5,1,3,2,experiment,1,2.5,63,6
12001,4,3,3.5,3,3,3,experiment,1,3.5,65,9
12601,3,4,3.5,4,3,3.5,experiment,1,3.5,63,9
13101,2,2,2,2,3,2.5,experiment,0,2,60,9
13102,3,3,3,3,3,3,control,1,3,60,9
13301,3,3,3,2,2,2,experiment,0,3,69,6
13702,2,3,2.5,3,2,2.5,control,1,2.5,62,9
14501,3,3,3,3,2,2.5,experiment,0,3,61,12
14502,3,3,3,3,3,3,control,1,3,59,12
14601,3,3,3,3,3,3,experiment,1,3,63,12
15001,3,3,3,4,3,3.5,experiment,0,3,69,12
15402,2,3,2.5,2,3,2.5,control,1,2.5,70,0
15701,3,3,3,3,3,3,experiment,0,3,68,12
15702,3,3,3,3,3,3,control,1,3,66,12
16401,4,3,3.5,3,4,3.5,experiment,0,3.5,66,16
16402,4,3,3.5,3,3,3,control,1,3.5,62,12
16801,4,4,4,3,3,3,experiment,1,4,59,12
16901,3,2,2.5,2,2,2,experiment,0,2.5,66,6
16902,3,3,3,3,2,2.5,control,1,3,65,6
17201,2,3,2.5,4,3,3.5,experiment,0,2.5,66,9
17202,3,3,3,3,2,2.5,control,1,3,61,9
17501,4,3,3.5,2,4,3,experiment,1,3.5,59,12
18101,3,3,3,2,2,2,experiment,1,3,61,6
18901,4,3,3.5,4,3,3.5,experiment,1,3.5,61,16
19101,4,3,3.5,4,3,3.5,experiment,0,3.5,63,12
19102,4,3,3.5,4,3,3.5,control,1,3.5,59,12
19301,3,4,3.5,3,3,3,experiment,1,3.5,70,16
20001,3,3,3,3,3,3,experiment,1,3,70,6
20201,3,2,2.5,4,3,3.5,experiment,1,2.5,64,12
20401,4,3,3.5,2,2,2,experiment,0,3.5,73,18
20402,4,3,3.5,3,3,3,control,1,3.5,71,16
20601,4,3,3.5,3,3,3,experiment,0,3.5,66,12
20802,2,2,2,3,2,2.5,control,1,2,61,9
22101,4,3,3.5,3,3,3,experiment,0,3.5,61,6
22201,3,3,3,2,2,2,control,1,3,72,6
23201,4,3,3.5,4,3,3.5,experiment,1,3.5,62,18
23701,4,3,3.5,2,2,2,experiment,1,3.5,70,6
24301,3,3,3,3,3,3,experiment,1,3,61,16
24501,4,3,3.5,4,3,3.5,experiment,1,3.5,60,9
25602,4,3,3.5,4,3,3.5,experiment,0,3.5,62,16
25701,4,3,3.5,4,3,3.5,control,1,3.5,64,9
26101,4,3,3.5,4,3,3.5,experiment,1,3.5,64,9
26701,4,2,3,3,3,3,experiment,1,3,62,12
27601,5,3,4,4,3,3.5,experiment,0,4,65,9
28202,4,3,3.5,3,3,3,control,0,3.5,65,9
28602,3,3,3,3,3,3,control,1,3,62,6
29601,4,3,3.5,4,3,3.5,experiment,1,3.5,59,16
29702,4,3,3.5,4,3,3.5,experiment,1,3.5,62,12
30101,4,3,3.5,4,3,3.5,experiment,0,3.5,63,12
30102,3,3,3,4,3,3.5,control,1,3,60,12
30601,4,3,3.5,4,3,3.5,experiment,0,3.5,73,6
30702,4,3,3.5,2,4,3,control,1,3.5,59,9
32201,4,3,3.5,2,1,1.5,experiment,0,3.5,66,6
32202,4,3,3.5,1,2,1.5,control,1,3.5,60,6
33101,4,3,3.5,4,3,3.5,experiment,0,3.5,64,9
33102,4,3,3.5,4,3,3.5,control,1,3.5,65,6
33401,4,3,3.5,4,3,3.5,experiment,0,3.5,65,12
33402,3,3,3,2,2,2,control,1,3,63,9
34001,2,2,2,4,3,3.5,experiment,0,2,65,12
34002,4,3,3.5,4,3,3.5,control,1,3.5,60,9
35301,4,3,3.5,4,3,3.5,experiment,0,3.5,70,9
35302,3,3,3,2,2,2,control,0,3,67,12
35401,3,3,3,4,3,3.5,control,0,3,68,6
36102,3,3,3,2,3,2.5,control,1,3,61,12
36501,4,3,3.5,4,3,3.5,experiment,0,3.5,72,12
36502,4,3,3.5,3,3,3,control,1,3.5,67,9
36601,3,3,3,4,3,3.5,experiment,0,3,68,9
36602,3,3,3,3,3,3,control,0,3,63,9
37004,3,3,3,2,3,2.5,control,1,3,71,0
37101,4,3,3.5,4,3,3.5,experiment,1,3.5,68,12
37701,3,3,3,3,2,2.5,experiment,0,3,68,6
37702,2,2,2,3,2,2.5,control,1,2,64,6
38401,4,3,3.5,3,3,3,experiment,0,3.5,73,6
38402,4,3,3.5,4,3,3.5,control,1,3.5,67,6
38501,3,3,3,3,3,3,experiment,0,3,67,9
38502,3,3,3,3,3,3,control,0,3,65,9
39304,3,3,3,3,3,3,control,1,3,72,6
39401,3,3,3,2,3,2.5,experiment,0,3,73,9
39402,3,3,3,1,1,1,control,1,3,69,6
39501,3,3,3,4,3,3.5,experiment,0,3,65,12
39502,3,3,3,4,3,3.5,control,1,3,61,9
39701,2,3,2.5,4,3,3.5,experiment,1,2.5,61,16
39901,3,3,3,4,3,3.5,experiment,1,3,61,9
40101,3,3,3,4,3,3.5,experiment,1,3,65,12
40201,3,3,3,3,3,3,experiment,0,3,71,9
41002,3,2,2.5,4,3,3.5,control,0,2.5,71,16
41101,3,3,3,4,3,3.5,control,1,3,61,16
42401,4,3,3.5,4,3,3.5,experiment,1,3.5,60,12
42801,2,2,2,2,2,2,experiment,1,2,69,12
42901,3,3,3,3,3,3,experiment,1,3,64,6
43601,4,3,3.5,3,3,3,experiment,0,3.5,65,12
43602,4,3,3.5,4,3,3.5,control,0,3.5,63,6
44002,2,3,2.5,3,3,3,control,0,2.5,73,6
44101,4,3,3.5,3,3,3,control,1,3.5,61,9
45101,4,3,3.5,3,3,3,experiment,1,3.5,67,12
45701,4,3,3.5,4,3,3.5,experiment,1,3.5,61,18
45801,4,3,3.5,4,3,3.5,experiment,1,3.5,63,16
45901,4,3,3.5,4,3,3.5,experiment,1,3.5,62,18
46101,4,3,3.5,4,3,3.5,experiment,1,3.5,68,12
46201,4,3,3.5,4,3,3.5,experiment,1,3.5,63,12
46301,4,3,3.5,4,3,3.5,experiment,1,3.5,60,14
46803,4,3,3.5,3,4,3.5,experiment,0,3.5,60,12
47001,4,3,3.5,4,3,3.5,control,1,3.5,61,18
47601,4,3,3.5,4,3,3.5,experiment,1,3.5,67,16
50201,4,3,3.5,4,3,3.5,experiment,0,3.5,60,12
50801,4,3,3.5,4,3,3.5,control,1,3.5,63,6
51001,4,3,3.5,4,3,3.5,experiment,1,3.5,65,12
51201,4,3,3.5,4,3,3.5,experiment,1,3.5,60,12
51801,3,2,2.5,1,2,1.5,experiment,0,2.5,71,12
51802,4,3,3.5,3,3,3,control,1,3.5,63,9
51901,2,3,2.5,2,3,2.5,experiment,0,2.5,69,12
51902,4,3,3.5,4,3,3.5,control,1,3.5,67,6
52001,4,3,3.5,3,3,3,experiment,1,3.5,73,0
52201,4,3,3.5,3,3,3,experiment,1,3.5,60,12
52601,4,3,3.5,3,3,3,experiment,0,3.5,61,12
52602,4,3,3.5,3,2,2.5,control,1,3.5,60,12
53002,3,2,2.5,3,3,3,experiment,1,2.5,60,12
53201,2,3,2.5,4,3,3.5,experiment,1,2.5,61,12
53402,2,2,2,4,3,3.5,experiment,1,2,61,12
53901,5,5,5,4,3,3.5,experiment,0,5,60,12
54902,4,3,3.5,4,3,3.5,control,1,3.5,64,9
55001,4,3,3.5,3,3,3,experiment,1,3.5,60,12
55501,4,3,3.5,3,3,3,experiment,0,3.5,61,6
55702,3,2,2.5,3,3,3,control,0,2.5,61,9
55802,3,3,3,4,3,3.5,control,1,3,68,12
57601,4,3,3.5,3,3,3,experiment,0,3.5,61,6
57901,3,3,3,3,3,3,control,1,3,61,6
58601,4,3,3.5,3,2,2.5,experiment,0,3.5,64,9
59002,2,2,2,2,2,2,control,1,2,67,6
59501,4,2,3,3,2,2.5,experiment,1,3,60,6
60102,3,3,3,2,2,2,experiment,0,3,70,16
60103,3,3,3,4,3,3.5,control,1,3,68,12
60501,3,3,3,4,3,3.5,experiment,0,3,65,9
60502,4,3,3.5,4,3,3.5,control,0,3.5,62,12
60801,2,3,2.5,4,3,3.5,control,1,2.5,67,9
61901,4,3,3.5,4,4,4,experiment,1,3.5,59,6
62001,4,3,3.5,4,3,3.5,experiment,0,3.5,60,12
62102,3,3,3,3,3,3,control,1,3,60,9
62401,3,3,3,3,3,3,experiment,1,3,60,9
63101,4,3,3.5,4,4,4,experiment,0,3.5,59,12
63302,2,3,2.5,3,3,3,control,1,2.5,72,6
63901,3,3,3,4,3,3.5,experiment,0,3,73,6
63902,3,3,3,4,3,3.5,control,1,3,69,6
64101,4,3,3.5,3,3,3,experiment,0,3.5,73,9
64802,3,3,3,3,3,3,control,1,3,65,6
65001,4,3,3.5,4,3,3.5,experiment,1,3.5,60,9
66201,4,3,3.5,5,3,4,experiment,1,3.5,66,16
67201,4,3,3.5,3,3,3,experiment,1,3.5,61,12
68201,3,3,3,4,3,3.5,experiment,1,3,60,6
68401,2,2,2,2,3,2.5,experiment,0,2,69,12
68404,3,3,3,4,3,3.5,control,1,3,62,9
68501,3,3,3,3,3,3,experiment,0,3,68,12
68502,1,2,1.5,3,3,3,control,1,1.5,61,9
69801,3,2,2.5,2,3,2.5,experiment,1,2.5,65,6
70201,3,2,2.5,4,3,3.5,experiment,1,2.5,62,12
70501,4,3,3.5,3,3,3,experiment,1,3.5,61,16
70601,4,3,3.5,3,3,3,experiment,1,3.5,61,9
72001,3,3,3,4,3,3.5,experiment,1,3,61,16
72101,4,3,3.5,3,3,3,experiment,1,3.5,67,16
72501,3,3,3,4,3,3.5,experiment,0,3,62,18
72801,4,3,3.5,3,3,3,experiment,1,3.5,62,12
73102,4,3,3.5,3,2,2.5,control,1,3.5,71,9
75001,4,3,3.5,4,3,3.5,experiment,1,3.5,71,9
75601,4,3,3.5,3,2,2.5,experiment,1,3.5,73,6
76001,2,3,2.5,3,3,3,experiment,1,2.5,69,16
76101,4,3,3.5,3,3,3,experiment,0,3.5,69,16
77301,4,3,3.5,3,3,3,experiment,1,3.5,59,12
77402,2,2,2,3,3,3,control,1,2,71,0
78601,2,3,2.5,2,3,2.5,experiment,1,2.5,65,12
79001,4,3,3.5,2,2,2,experiment,1,3.5,64,12
79801,4,3,3.5,4,3,3.5,experiment,1,3.5,59,6
79901,5,3,4,3,3,3,experiment,0,4,59,12
81101,3,3,3,3,3,3,experiment,1,3,65,12
81102,5,4,4.5,4,3,3.5,control,1,4.5,61,9
81301,5,3,4,4,3,3.5,experiment,1,4,65,18
81501,3,4,3.5,4,3,3.5,experiment,0,3.5,65,14
82901,2,2,2,3,3,3,experiment,1,2,69,6
83002,1,1,1,3,2,2.5,control,0,1,64,9
83101,4,3,3.5,3,3,3,experiment,1,3.5,59,6
83102,4,3,3.5,3,2,2.5,control,0,3.5,59,6
84101,4,3,3.5,3,2,2.5,experiment,0,3.5,67,9
84102,2,3,2.5,3,2,2.5,control,1,2.5,65,9
84402,2,3,2.5,3,2,2.5,control,0,2.5,72,6
85501,2,2,2,3,2,2.5,experiment,1,2,69,9
85502,3,3,3,3,2,2.5,control,0,3,65,6
85601,4,3,3.5,3,2,2.5,experiment,1,3.5,70,6
85702,3,3,3,3,3,3,control,1,3,60,12
86601,3,3,3,3,3,3,experiment,1,3,73,12
88501,3,3,3,3,2,2.5,experiment,0,3,61,6
88801,4,4,4,3,5,4,experiment,1,4,62,12
89301,2,2,2,3,2,2.5,control,0,2,61,9
89401,3,3,3,3,2,2.5,experiment,0,3,68,12
89501,3,3,3,3,3,3,control,1,3,73,6
89901,1,2,1.5,3,3,3,control,1,1.5,60,12
91201,4,3,3.5,4,3,3.5,experiment,1,3.5,59,12
92001,4,3,3.5,3,3,3,experiment,1,3.5,60,9
93101,2,3,2.5,4,3,3.5,experiment,0,2.5,69,9
93402,4,3,3.5,3,3,3,experiment,0,3.5,72,12
93403,4,3,3.5,3,3,3,control,1,3.5,69,9
93901,4,3,3.5,4,3,3.5,control,0,3.5,66,12
94101,4,3,3.5,3,3,3,experiment,1,3.5,73,9
94102,3,2,2.5,4,3,3.5,control,0,2.5,67,6
95101,2,2,2,4,3,3.5,experiment,1,2,67,9
97201,4,3,3.5,4,3,3.5,control,1,3.5,63,6
98301,5,3,4,4,3,3.5,experiment,1,4,63,16
98501,3,3,3,2,2,2,experiment,1,3,69,9
98801,3,3,3,3,3,3,experiment,1,3,60,12
100101,4,3,3.5,3,3,3,experiment,0,3.5,73,12
100601,2,2,2,4,3,3.5,experiment,1,2,63,6
100901,4,3,3.5,4,3,3.5,control,1,3.5,60,12
101001,3,3,3,1,2,1.5,experiment,1,3,70,6
101301,4,3,3.5,4,3,3.5,experiment,0,3.5,70,16
103001,3,3,3,3,3,3,experiment,0,3,67,16
103802,3,3,3,2,2,2,control,1,3,63,6
106601,2,3,2.5,3,2,2.5,control,0,2.5,59,9
106701,2,2,2,3,3,3,experiment,1,2,68,16
106802,4,3,3.5,2,2,2,control,1,3.5,61,6
107101,2,2,2,4,3,3.5,experiment,0,2,66,12
108401,3,3,3,3,2,2.5,experiment,1,3,64,9
108402,4,3,3.5,3,3,3,control,1,3.5,60,6
109301,5,3,4,4,3,3.5,experiment,1,4,63,18
109501,1,3,2,4,3,3.5,experiment,1,2,70,9
109701,2,3,2.5,4,4,4,experiment,0,2.5,69,16
110501,4,3,3.5,3,3,3,experiment,1,3.5,63,12
110801,3,3,3,3,3,3,experiment,1,3,66,12
111602,2,2,2,4,3,3.5,control,0,2,62,18
111901,4,3,3.5,4,3,3.5,experiment,1,3.5,64,20
112101,4,3,3.5,4,3,3.5,experiment,1,3.5,60,12
112102,4,3,3.5,4,3,3.5,control,1,3.5,59,12
112701,2,2,2,4,3,3.5,experiment,1,2,61,9
113101,5,3,4,4,3,3.5,experiment,0,4,65,16
114301,4,3,3.5,4,3,3.5,experiment,0,3.5,64,16
114501,3,3,3,3,3,3,experiment,0,3,69,12
114502,3,3,3,2,2,2,control,1,3,63,9
114602,3,2,2.5,3,3,3,control,0,2.5,67,16
115202,3,3,3,3,3,3,control,1,3,69,6
115501,3,3,3,3,3,3,experiment,0,3,68,14
115502,3,3,3,3,3,3,control,1,3,63,6
116101,2,2,2,3,3,3,experiment,0,2,67,6
116102,2,2,2,3,3,3,control,0,2,65,6
116401,4,3,3.5,2,2,2,experiment,1,3.5,68,12
116402,4,3,3.5,1,1,1,control,1,3.5,67,12
118502,4,3,3.5,4,3,3.5,control,1,3.5,63,12
118601,3,3,3,2,2,2,experiment,0,3,69,12
118801,3,3,3,4,3,3.5,experiment,0,3,63,9
118901,4,3,3.5,4,3,3.5,experiment,1,3.5,61,20
118902,3,3,3,4,3,3.5,control,0,3,61,16
119801,4,4,4,2,1,1.5,control,1,4,68,12
120401,4,3,3.5,3,3,3,experiment,0,3.5,64,12
120402,3,3,3,3,3,3,control,1,3,62,12
120801,4,3,3.5,4,3,3.5,experiment,0,3.5,62,12
121402,3,3,3,3,3,3,control,0,3,67,16
121501,2,2,2,3,3,3,experiment,1,2,73,12
121502,4,4,4,4,3,3.5,control,1,4,69,9
121701,2,2,2,3,3,3,control,1,2,60,16
121901,3,2,2.5,3,3,3,experiment,1,2.5,59,12
122601,3,2,2.5,2,3,2.5,experiment,1,2.5,72,6
123301,3,2,2.5,3,2,2.5,experiment,0,2.5,60,9
123801,4,3,3.5,4,3,3.5,experiment,1,3.5,63,18
124001,4,3,3.5,2,3,2.5,experiment,1,3.5,70,20
124202,3,4,3.5,4,3,3.5,control,1,3.5,62,12
124501,3,2,2.5,4,3,3.5,experiment,1,2.5,64,9
124801,4,3,3.5,3,3,3,experiment,0,3.5,69,6
126001,4,3,3.5,4,3,3.5,experiment,0,3.5,66,9
126701,2,2,2,3,3,3,experiment,0,2,62,16
127201,3,3,3,4,3,3.5,control,1,3,62,16
127603,2,2,2,2,3,2.5,control,0,2,63,9
127801,3,3,3,2,2,2,control,1,3,72,9
128501,3,3,3,4,3,3.5,experiment,1,3,67,18
128702,5,3,4,3,3,3,control,0,4,69,12
129001,3,3,3,4,3,3.5,experiment,1,3,63,14
129501,3,4,3.5,3,3,3,experiment,1,3.5,61,12
129601,4,2,3,3,3,3,control,0,3,60,14
130001,3,3,3,4,3,3.5,experiment,1,3,68,16
130401,4,3,3.5,4,3,3.5,experiment,1,3.5,61,18
130501,2,1,1.5,3,3,3,control,0,1.5,61,12
130801,4,3,3.5,3,3,3,experiment,1,3.5,60,12
132301,2,3,2.5,3,3,3,experiment,1,2.5,67,12
132302,4,3,3.5,4,3,3.5,control,0,3.5,68,6
133001,3,3,3,3,3,3,experiment,1,3,69,12
133501,4,3,3.5,3,3,3,experiment,0,3.5,67,9
133802,3,3,3,4,3,3.5,control,0,3,68,9
134001,2,2,2,4,3,3.5,experiment,1,2,63,6
134102,2,1,1.5,2,2,2,control,1,1.5,71,6
134601,4,3,3.5,2,3,2.5,control,1,3.5,66,9
135201,1,1,1,3,3,3,experiment,1,1,61,9
136001,3,3,3,4,3,3.5,experiment,0,3,64,12
136201,2,2,2,4,3,3.5,experiment,0,2,60,9
136801,4,3,3.5,3,3,3,experiment,0,3.5,64,12
137302,4,3,3.5,3,3,3,control,1,3.5,66,9
138202,3,2,2.5,3,3,3,control,1,2.5,71,6
138401,3,3,3,4,3,3.5,experiment,1,3,65,16
138402,3,3,3,4,3,3.5,control,0,3,64,12
140001,4,3,3.5,3,4,3.5,experiment,0,3.5,72,6
140101,4,3,3.5,4,3,3.5,experiment,1,3.5,68,9
140801,4,3,3.5,4,3,3.5,experiment,0,3.5,67,12
140902,4,3,3.5,3,3,3,control,1,3.5,72,6
141001,3,2,2.5,3,3,3,control,1,2.5,67,6
141201,4,3,3.5,4,3,3.5,experiment,1,3.5,66,12
141401,4,3,3.5,3,3,3,control,0,3.5,66,0
141501,3,3,3,4,3,3.5,experiment,0,3,67,9
141601,4,3,3.5,3,4,3.5,experiment,0,3.5,66,12
141701,4,3,3.5,3,3,3,experiment,1,3.5,60,9
141702,4,4,4,2,2,2,control,1,4,61,9
142001,4,3,3.5,4,3,3.5,experiment,1,3.5,62,12
142502,2,3,2.5,3,3,3,control,0,2.5,65,6
143002,4,3,3.5,3,3,3,control,1,3.5,72,0
143301,4,3,3.5,3,3,3,experiment,1,3.5,60,12
143401,4,3,3.5,4,3,3.5,experiment,1,3.5,60,12
143501,3,3,3,3,3,3,experiment,1,3,67,12
143502,4,3,3.5,3,3,3,control,1,3.5,61,12
143801,3,3,3,3,4,3.5,experiment,1,3,71,6
144801,4,3,3.5,3,3,3,experiment,1,3.5,61,12
145101,4,4,4,3,3,3,experiment,1,4,61,9
145901,3,3,3,3,3,3,experiment,1,3,73,6
146401,4,3,3.5,4,3,3.5,experiment,0,3.5,59,9
147001,4,3,3.5,4,3,3.5,experiment,1,3.5,68,9
147101,4,2,3,3,3,3,experiment,1,3,59,9
147501,4,3,3.5,4,3,3.5,experiment,0,3.5,66,9
148001,4,3,3.5,4,3,3.5,experiment,1,3.5,66,9
148002,4,3,3.5,4,3,3.5,control,1,3.5,60,9
148501,4,3,3.5,2,3,2.5,experiment,1,3.5,61,9
148601,3,3,3,3,3,3,experiment,0,3,62,9
148702,3,3,3,4,3,3.5,control,1,3,64,9
149001,2,2,2,4,3,3.5,experiment,1,2,68,12
149501,4,3,3.5,4,3,3.5,experiment,1,3.5,65,12
149601,3,3,3,4,3,3.5,experiment,0,3,63,9
149602,2,3,2.5,3,3,3,control,0,2.5,60,6
150201,4,3,3.5,4,3,3.5,experiment,1,3.5,63,12
151401,3,3,3,3,3,3,experiment,1,3,73,16
151501,4,3,3.5,4,3,3.5,experiment,1,3.5,68,12
151502,4,3,3.5,4,3,3.5,control,1,3.5,67,12
152702,4,4,4,4,3,3.5,control,0,4,72,9
153101,4,3,3.5,2,2,2,experiment,1,3.5,69,16
153301,4,3,3.5,3,3,3,experiment,1,3.5,65,18
153401,4,3,3.5,3,3,3,experiment,1,3.5,62,12
153601,4,3,3.5,3,3,3,experiment,1,3.5,67,6
153602,3,3,3,3,3,3,control,0,3,62,6
154401,5,3,4,3,3,3,experiment,1,4,61,12
155001,4,3,3.5,4,3,3.5,experiment,1,3.5,61,9
155101,4,3,3.5,4,3,3.5,experiment,0,3.5,60,12
155501,4,3,3.5,3,3,3,experiment,1,3.5,60,12
155802,4,3,3.5,3,3,3,experiment,1,3.5,70,16
155803,4,3,3.5,4,3,3.5,control,1,3.5,64,16
157001,2,2,2,4,3,3.5,experiment,0,2,59,9
157701,3,3,3,3,3,3,experiment,0,3,61,6
157702,3,3,3,3,3,3,control,1,3,61,6
158301,3,3,3,3,3,3,experiment,0,3,61,12
158501,4,3,3.5,4,3,3.5,experiment,1,3.5,70,9
159601,4,3,3.5,3,3,3,experiment,0,3.5,70,12
159602,4,3,3.5,3,3,3,control,1,3.5,60,6
159802,4,3,3.5,3,3,3,control,0,3.5,63,12
159901,2,3,2.5,3,3,3,experiment,1,2.5,63,12
160201,4,3,3.5,2,2,2,control,0,3.5,67,12
160301,1,1,1,4,3,3.5,experiment,1,1,65,9
160302,4,3,3.5,4,3,3.5,control,1,3.5,65,6
160401,4,3,3.5,3,3,3,experiment,1,3.5,67,9
160402,3,2,2.5,3,3,3,control,0,2.5,68,9
160501,4,3,3.5,3,3,3,experiment,0,3.5,68,9
160502,4,4,4,3,3,3,control,1,4,61,6
160601,4,3,3.5,4,3,3.5,experiment,0,3.5,62,12
160701,3,3,3,3,3,3,experiment,1,3,60,12
160801,2,2,2,3,3,3,experiment,0,2,65,9
161101,4,3,3.5,3,3,3,control,0,3.5,60,12
161902,3,3,3,4,3,3.5,control,1,3,63,9
162101,3,3,3,3,3,3,experiment,1,3,64,9
162202,3,3,3,3,3,3,control,0,3,62,6
162602,4,4,4,3,3,3,experiment,1,4,60,6
162603,4,3,3.5,3,3,3,control,1,3.5,60,9
163102,4,3,3.5,3,3,3,control,1,3.5,60,6
163803,3,3,3,4,3,3.5,experiment,1,3,61,9
163901,3,3,3,3,3,3,experiment,0,3,67,9
163902,3,3,3,3,3,3,control,0,3,59,9
164001,2,3,2.5,3,3,3,experiment,1,2.5,71,6
164401,4,4,4,4,3,3.5,experiment,0,4,71,9
164701,4,3,3.5,4,3,3.5,experiment,1,3.5,63,16
164901,3,3,3,3,3,3,experiment,1,3,72,9
164902,3,3,3,3,3,3,control,1,3,67,9
165502,4,3,3.5,3,3,3,control,0,3.5,68,12
166401,4,3,3.5,4,3,3.5,experiment,1,3.5,68,9
166402,2,3,2.5,4,3,3.5,control,1,2.5,67,6
166701,2,3,2.5,4,3,3.5,experiment,1,2.5,59,9
166801,4,3,3.5,3,3,3,experiment,0,3.5,64,16
166901,4,3,3.5,4,3,3.5,experiment,1,3.5,72,12
166902,4,3,3.5,3,4,3.5,control,1,3.5,70,9
167101,5,3,4,4,3,3.5,experiment,0,4,62,12
167201,4,3,3.5,3,3,3,experiment,1,3.5,63,12
167401,4,3,3.5,4,3,3.5,experiment,1,3.5,59,9
167601,4,3,3.5,4,3,3.5,control,0,3.5,66,6
167602,4,3,3.5,4,3,3.5,experiment,1,3.5,72,9
167701,3,2,2.5,4,3,3.5,experiment,1,2.5,61,9
167801,4,3,3.5,3,3,3,control,0,3.5,72,6
168201,4,3,3.5,4,3,3.5,experiment,1,3.5,59,6
168901,3,3,3,4,3,3.5,experiment,1,3,70,9
168902,3,3,3,3,3,3,control,1,3,66,0
169901,4,2,3,4,3,3.5,experiment,1,3,60,9
170401,3,3,3,3,3,3,experiment,0,3,61,9
170601,4,3,3.5,3,3,3,control,1,3.5,64,6
170801,5,3,4,3,2,2.5,experiment,0,4,64,9
171001,3,3,3,3,3,3,experiment,0,3,65,12
171601,2,3,2.5,3,3,3,experiment,1,2.5,63,9
171801,4,3,3.5,3,3,3,experiment,0,3.5,59,9
171802,4,3,3.5,3,3,3,control,0,3.5,59,9
172501,4,3,3.5,3,3,3,experiment,1,3.5,65,12
172502,4,3,3.5,2,2,2,control,1,3.5,62,6
173702,4,3,3.5,4,3,3.5,control,0,3.5,63,9
173901,4,3,3.5,2,2,2,experiment,1,3.5,61,12
173902,3,3,3,3,3,3,control,0,3,59,12
174201,4,3,3.5,3,3,3,control,0,3.5,63,12
174203,2,2,2,3,3,3,experiment,1,2,67,12
174401,2,2,2,3,2,2.5,experiment,1,2,67,6
174402,2,3,2.5,3,3,3,control,1,2.5,61,6
175102,4,3,3.5,4,3,3.5,experiment,1,3.5,63,9
175103,2,2,2,4,3,3.5,control,1,2,61,9
175201,2,2,2,3,3,3,control,0,2,70,6
175401,3,3,3,3,3,3,experiment,0,3,62,9
175501,4,3,3.5,3,3,3,experiment,1,3.5,67,9
175601,3,3,3,3,3,3,experiment,0,3,61,6
176001,4,3,3.5,3,3,3,experiment,1,3.5,65,12
177903,3,2,2.5,3,3,3,experiment,1,2.5,62,9
178101,4,3,3.5,4,3,3.5,experiment,0,3.5,73,16
178102,3,3,3,4,3,3.5,control,0,3,69,9
178301,3,3,3,4,3,3.5,control,1,3,62,16
178401,4,3,3.5,4,3,3.5,experiment,0,3.5,63,16
178802,3,3,3,3,3,3,control,1,3,69,16
179301,3,3,3,3,3,3,experiment,0,3,65,9
179801,3,3,3,3,2,2.5,experiment,1,3,68,12
180401,3,4,3.5,3,3,3,control,1,3.5,68,0
180501,2,2,2,3,3,3,control,0,2,61,6
181301,2,3,2.5,3,3,3,experiment,1,2.5,67,9
181302,4,3,3.5,4,3,3.5,control,0,3.5,61,6
182601,4,3,3.5,3,3,3,experiment,0,3.5,62,12
182801,4,3,3.5,2,3,2.5,experiment,0,3.5,61,12
183202,2,2,2,3,3,3,control,1,2,72,6
184501,3,3,3,3,3,3,experiment,0,3,63,6
184701,4,3,3.5,4,3,3.5,experiment,1,3.5,61,9
185202,4,4,4,3,3,3,control,1,4,73,6
185301,3,3,3,3,3,3,experiment,0,3,62,9
185302,3,3,3,4,3,3.5,control,1,3,65,6
185402,1,2,1.5,2,3,2.5,control,1,1.5,64,9
185501,2,2,2,3,2,2.5,control,0,2,71,6
185701,3,3,3,4,4,4,experiment,1,3,69,6
186001,2,2,2,2,3,2.5,control,0,2,69,6
186701,4,3,3.5,4,3,3.5,experiment,1,3.5,59,12
186801,2,2,2,4,3,3.5,experiment,0,2,60,12
186802,3,2,2.5,3,2,2.5,control,1,2.5,59,9
187501,4,3,3.5,3,3,3,experiment,0,3.5,71,9
187601,4,3,3.5,2,2,2,experiment,1,3.5,66,12
187702,3,3,3,3,3,3,control,1,3,73,9
188203,4,3,3.5,2,2,2,experiment,1,3.5,65,9
188204,4,3,3.5,3,3,3,control,1,3.5,62,6
188701,2,2,2,2,2,2,experiment,1,2,67,6
188702,2,2,2,1,2,1.5,control,0,2,65,6
189101,2,2,2,2,2,2,experiment,1,2,69,9
189102,2,2,2,4,3,3.5,control,0,2,65,6
189702,4,3,3.5,2,2,2,experiment,1,3.5,68,9
189901,4,3,3.5,3,2,2.5,experiment,0,3.5,63,12
190301,3,2,2.5,4,3,3.5,experiment,0,2.5,61,9
190501,3,3,3,2,2,2,experiment,1,3,64,6
190901,2,1,1.5,3,2,2.5,experiment,1,1.5,67,9
190902,1,3,2,2,2,2,control,1,2,66,6
191702,4,3,3.5,3,3,3,experiment,1,3.5,62,12
192801,2,1,1.5,1,2,1.5,control,0,1.5,59,9
193001,2,2,2,3,3,3,experiment,1,2,70,12
193002,2,2,2,3,3,3,control,0,2,65,6
193201,4,3,3.5,2,3,2.5,experiment,1,3.5,67,6
193202,4,2,3,2,2,2,control,0,3,62,6
193501,2,3,2.5,3,3,3,experiment,1,2.5,65,6
193801,3,2,2.5,2,3,2.5,experiment,1,2.5,60,12
194001,3,3,3,2,2,2,experiment,0,3,73,9
194902,1,3,2,4,3,3.5,experiment,0,2,70,9
194903,4,3,3.5,3,3,3,control,1,3.5,63,6
195001,4,3,3.5,3,3,3,experiment,0,3.5,65,12
195002,4,3,3.5,3,3,3,control,1,3.5,59,12
195501,4,3,3.5,3,3,3,experiment,1,3.5,62,6
195503,3,3,3,3,2,2.5,control,1,3,60,6
197201,4,2,3,2,3,2.5,experiment,1,3,70,12
197901,4,3,3.5,4,3,3.5,experiment,1,3.5,71,12
197902,2,2,2,4,3,3.5,control,1,2,69,6
198701,4,4,4,4,3,3.5,experiment,1,4,65,12
200101,4,3,3.5,4,3,3.5,control,1,3.5,66,6
201201,4,2,3,4,3,3.5,experiment,0,3,61,12
201501,2,2,2,2,1,1.5,control,0,2,70,0
201801,5,3,4,4,3,3.5,experiment,0,4,63,12
202201,2,2,2,3,3,3,experiment,1,2,63,6
202401,2,3,2.5,4,3,3.5,experiment,0,2.5,66,6
202501,4,4,4,4,3,3.5,experiment,1,4,60,9
203601,4,3,3.5,4,3,3.5,experiment,1,3.5,64,9
204701,5,3,4,3,3,3,experiment,0,4,71,16
205901,2,3,2.5,3,3,3,experiment,0,2.5,61,16
208601,3,3,3,4,3,3.5,experiment,1,3,66,12
209401,4,3,3.5,3,3,3,control,1,3.5,60,12
210002,3,3,3,4,3,3.5,control,0,3,60,9
210301,2,2,2,3,3,3,control,0,2,66,6
211201,3,3,3,2,3,2.5,experiment,1,3,71,12
211202,3,3,3,2,3,2.5,control,0,3,68,6
211901,2,2,2,4,3,3.5,experiment,0,2,65,9
212401,4,3,3.5,5,3,4,experiment,1,3.5,68,12
212402,3,3,3,4,3,3.5,control,0,3,68,6
213102,3,3,3,3,4,3.5,control,1,3,68,6
213202,4,3,3.5,4,3,3.5,experiment,0,3.5,65,16
213801,3,3,3,4,3,3.5,experiment,1,3,62,6
213802,4,3,3.5,4,3,3.5,control,0,3.5,59,6
213902,2,2,2,3,3,3,control,1,2,59,6
214101,3,3,3,4,3,3.5,experiment,0,3,64,12
214102,3,3,3,3,3,3,control,1,3,61,9
215201,2,2,2,4,3,3.5,control,1,2,59,9
215602,3,3,3,2,3,2.5,experiment,1,3,61,12
216101,2,3,2.5,3,3,3,experiment,1,2.5,66,6
216102,3,3,3,3,3,3,control,0,3,60,6
216301,3,2,2.5,3,3,3,experiment,1,2.5,63,9
216502,3,3,3,3,3,3,control,1,3,72,6
216801,4,3,3.5,3,3,3,experiment,0,3.5,62,12
216901,2,2,2,3,3,3,control,1,2,65,6
217101,3,3,3,3,3,3,experiment,1,3,72,9
217201,2,2,2,3,3,3,control,1,2,70,12
218201,4,3,3.5,4,3,3.5,experiment,1,3.5,65,6
219201,3,3,3,3,3,3,experiment,0,3,60,12
219301,3,3,3,3,3,3,experiment,1,3,72,12
220401,2,3,2.5,4,3,3.5,experiment,1,2.5,60,12
220901,3,3,3,3,3,3,control,0,3,69,9
221203,4,2,3,4,3,3.5,experiment,1,3,68,16
221601,4,3,3.5,3,3,3,experiment,0,3.5,64,12
222401,4,3,3.5,2,2,2,control,1,3.5,63,9
222402,4,3,3.5,3,3,3,experiment,1,3.5,66,12
222501,4,3,3.5,4,3,3.5,experiment,1,3.5,62,14
222801,3,3,3,3,3,3,experiment,1,3,61,9
223701,2,3,2.5,3,3,3,experiment,0,2.5,66,16
224002,3,3,3,3,3,3,control,1,3,64,16
224401,2,3,2.5,3,3,3,experiment,0,2.5,73,6
225401,2,3,2.5,3,3,3,experiment,1,2.5,72,12
227302,4,3,3.5,3,3,3,control,0,3.5,70,6
227401,3,3,3,4,3,3.5,experiment,1,3,62,16
227902,4,3,3.5,4,3,3.5,control,0,3.5,69,16
229901,3,4,3.5,4,3,3.5,experiment,0,3.5,62,6
230401,4,3,3.5,3,3,3,experiment,1,3.5,60,12
230501,4,3,3.5,4,2,3,experiment,0,3.5,60,9
230701,4,3,3.5,4,3,3.5,experiment,1,3.5,63,6
230801,4,3,3.5,3,3,3,experiment,1,3.5,64,9
231002,2,2,2,4,3,3.5,control,1,2,63,9
233001,2,2,2,4,3,3.5,experiment,1,2,63,12
233002,3,3,3,4,3,3.5,control,0,3,63,12
233601,4,3,3.5,4,3,3.5,experiment,1,3.5,67,14
233602,4,3,3.5,3,3,3,control,0,3.5,61,6
234101,4,3,3.5,4,3,3.5,experiment,0,3.5,72,6
234102,2,3,2.5,3,3,3,control,1,2.5,65,12
234602,4,3,3.5,4,3,3.5,control,0,3.5,62,12
234703,3,3,3,3,3,3,control,1,3,72,6
234901,4,3,3.5,4,3,3.5,experiment,1,3.5,62,12
235002,3,3,3,2,2,2,control,1,3,66,6
235401,4,3,3.5,4,3,3.5,experiment,0,3.5,60,16
235801,3,3,3,3,4,3.5,experiment,1,3,64,12
236301,4,3,3.5,3,3,3,experiment,1,3.5,59,6
236401,4,3,3.5,3,3,3,experiment,0,3.5,64,16
236402,4,3,3.5,2,2,2,control,1,3.5,63,16
236502,3,3,3,3,4,3.5,experiment,1,3,59,6
236801,3,3,3,3,3,3,control,1,3,70,6
236902,3,3,3,4,3,3.5,control,0,3,67,6
237201,4,3,3.5,3,3,3,experiment,1,3.5,69,9
237202,4,3,3.5,4,3,3.5,control,1,3.5,66,9
237801,4,3,3.5,4,3,3.5,experiment,1,3.5,64,12
237901,4,3,3.5,4,3,3.5,experiment,0,3.5,59,16
238001,4,3,3.5,4,3,3.5,experiment,1,3.5,66,12
238002,4,3,3.5,2,2,2,control,0,3.5,67,12
238101,4,3,3.5,3,3,3,experiment,1,3.5,63,12
238201,4,3,3.5,2,2,2,experiment,1,3.5,70,12
238202,4,3,3.5,4,3,3.5,control,1,3.5,66,9
238801,4,3,3.5,2,2,2,experiment,0,3.5,69,12
238901,3,3,3,4,3,3.5,experiment,1,3,63,12
239001,3,3,3,4,3,3.5,experiment,0,3,60,9
239102,4,3,3.5,4,3,3.5,control,1,3.5,62,6
239901,4,3,3.5,4,3,3.5,experiment,1,3.5,61,12
240801,4,3,3.5,3,3,3,experiment,0,3.5,59,12
241001,2,3,2.5,4,3,3.5,experiment,1,2.5,63,9
241002,2,3,2.5,3,2,2.5,control,0,2.5,61,9
241401,2,3,2.5,3,3,3,experiment,1,2.5,68,12
242103,2,3,2.5,3,3,3,control,1,2.5,62,9
242401,4,3,3.5,4,3,3.5,experiment,0,3.5,62,12
242501,3,3,3,4,3,3.5,experiment,1,3,62,9
242601,4,3,3.5,4,3,3.5,experiment,0,3.5,66,9
243802,2,3,2.5,1,1,1,control,1,2.5,66,6
244101,4,3,3.5,4,3,3.5,experiment,0,3.5,65,12
244102,3,3,3,4,3,3.5,control,1,3,61,12
244201,2,3,2.5,4,3,3.5,experiment,1,2.5,60,6
245101,4,3,3.5,3,3,3,experiment,1,3.5,60,12
245701,2,2,2,2,2,2,control,1,2,60,9
246001,4,3,3.5,2,3,2.5,experiment,0,3.5,72,6
246002,2,2,2,1,3,2,control,1,2,68,6
247501,2,2,2,4,3,3.5,experiment,1,2,59,16
248301,4,3,3.5,2,2,2,experiment,0,3.5,69,9
248302,5,3,4,4,3,3.5,control,1,4,64,6
249301,2,3,2.5,3,3,3,experiment,1,2.5,59,6
249702,2,2,2,2,3,2.5,control,1,2,69,6
250301,3,3,3,4,3,3.5,experiment,1,3,66,12
250302,3,3,3,4,3,3.5,control,0,3,62,12
250501,3,2,2.5,3,3,3,experiment,1,2.5,69,9
251601,2,3,2.5,2,3,2.5,experiment,0,2.5,71,12
252101,3,3,3,3,3,3,experiment,1,3,63,6
252501,4,3,3.5,4,3,3.5,experiment,1,3.5,71,16
252702,2,2,2,2,3,2.5,control,0,2,73,0
253901,4,3,3.5,4,3,3.5,experiment,1,3.5,60,12
254301,5,3,4,1,1,1,experiment,0,4,70,6
254503,3,3,3,4,4,4,control,1,3,61,6
254601,2,3,2.5,2,3,2.5,experiment,0,2.5,67,0
255001,4,3,3.5,4,3,3.5,experiment,1,3.5,67,16
256101,5,3,4,4,4,4,experiment,1,4,65,16
256601,4,3,3.5,4,4,4,experiment,1,3.5,65,12
256602,4,3,3.5,4,3,3.5,control,0,3.5,63,9
257501,4,3,3.5,4,3,3.5,experiment,1,3.5,70,12
258501,5,3,4,4,4,4,control,1,4,69,6
259201,2,2,2,2,2,2,experiment,1,2,67,12
259401,3,3,3,2,3,2.5,experiment,0,3,65,6
261301,2,3,2.5,2,2,2,control,0,2.5,69,0
261901,2,3,2.5,3,3,3,experiment,1,2.5,72,9
261902,2,3,2.5,2,1,1.5,control,1,2.5,72,0
262601,4,3,3.5,4,3,3.5,experiment,1,3.5,68,6
262602,2,3,2.5,4,3,3.5,control,0,2.5,66,6
262701,3,3,3,3,3,3,experiment,1,3,60,6
262801,4,3,3.5,4,3,3.5,experiment,1,3.5,63,14
263101,4,3,3.5,4,3,3.5,experiment,1,3.5,67,6
263102,4,3,3.5,2,2,2,control,1,3.5,63,6
263701,3,3,3,2,2,2,experiment,0,3,63,12
264001,3,3,3,3,3,3,experiment,0,3,73,6
264601,4,3,3.5,4,3,3.5,experiment,1,3.5,63,6
264801,4,3,3.5,4,3,3.5,experiment,0,3.5,66,16
264902,4,3,3.5,4,3,3.5,control,1,3.5,59,18
265102,3,3,3,3,3,3,control,1,3,65,9
265201,4,3,3.5,3,3,3,experiment,0,3.5,66,12
265701,4,3,3.5,2,3,2.5,experiment,1,3.5,71,6
265901,4,3,3.5,3,3,3,experiment,1,3.5,72,6
265902,2,3,2.5,4,3,3.5,control,1,2.5,66,6
266201,3,2,2.5,2,2,2,experiment,1,2.5,67,6
266401,3,3,3,4,3,3.5,experiment,1,3,66,12
266601,4,3,3.5,4,3,3.5,experiment,1,3.5,60,18
266901,4,3,3.5,3,3,3,experiment,1,3.5,61,12
267202,3,3,3,2,3,2.5,control,1,3,65,6
267601,3,3,3,3,3,3,control,0,3,73,6
267701,3,4,3.5,3,3,3,experiment,1,3.5,68,12
267702,3,2,2.5,2,2,2,control,0,2.5,61,12
267801,2,3,2.5,3,3,3,experiment,1,2.5,70,12
267901,2,3,2.5,3,3,3,experiment,0,2.5,68,9
267902,3,2,2.5,2,2,2,control,0,2.5,67,6
268701,4,3,3.5,3,3,3,experiment,0,3.5,65,18
269301,4,3,3.5,2,2,2,experiment,0,3.5,67,6
270201,2,3,2.5,4,3,3.5,experiment,1,2.5,66,12
270401,5,3,4,3,3,3,experiment,0,4,59,14
270601,4,3,3.5,4,4,4,experiment,1,3.5,63,12
271301,4,3,3.5,3,3,3,experiment,1,3.5,60,18
272801,4,3,3.5,2,3,2.5,experiment,1,3.5,73,9
273501,4,3,3.5,4,3,3.5,experiment,0,3.5,63,16
273502,4,3,3.5,4,3,3.5,control,1,3.5,62,16
273701,2,3,2.5,4,4,4,experiment,0,2.5,65,9
273702,2,2,2,2,2,2,control,1,2,65,6
273801,4,3,3.5,5,5,5,experiment,0,3.5,72,14
273802,4,3,3.5,5,3,4,control,1,3.5,70,16
274002,2,2,2,3,3,3,control,0,2,73,0
274801,2,2,2,2,3,2.5,control,1,2,60,6
275502,3,3,3,2,2,2,control,0,3,68,6
276101,4,3,3.5,3,4,3.5,experiment,1,3.5,65,12
277302,3,3,3,3,3,3,control,0,3,61,9
278201,3,3,3,3,3,3,experiment,0,3,62,6
278501,4,3,3.5,4,3,3.5,experiment,1,3.5,69,9
278701,4,3,3.5,3,3,3,experiment,1,3.5,62,9
279702,3,3,3,3,3,3,control,0,3,65,9
279901,2,2,2,3,3,3,experiment,1,2,66,6
280001,4,3,3.5,4,3,3.5,experiment,1,3.5,61,16
280602,2,3,2.5,3,3,3,control,1,2.5,72,12
280701,4,3,3.5,3,3,3,experiment,0,3.5,60,9
280802,2,2,2,3,3,3,control,0,2,66,9
280901,4,3,3.5,4,3,3.5,experiment,1,3.5,67,12
280902,4,3,3.5,4,3,3.5,control,1,3.5,63,9
281501,4,3,3.5,4,3,3.5,experiment,0,3.5,67,12
281502,3,3,3,3,3,3,control,1,3,64,9
281601,4,3,3.5,3,3,3,experiment,1,3.5,66,9
281602,4,3,3.5,4,3,3.5,control,1,3.5,62,9
281702,3,3,3,3,3,3,control,1,3,65,6
283001,4,3,3.5,4,3,3.5,experiment,0,3.5,64,9
283901,4,3,3.5,4,3,3.5,experiment,1,3.5,65,6
284301,3,3,3,4,3,3.5,control,0,3,63,12
284801,2,2,2,4,3,3.5,experiment,1,2,64,9
285101,4,3,3.5,4,3,3.5,experiment,1,3.5,67,12
285701,4,3,3.5,4,3,3.5,experiment,1,3.5,62,12
286202,4,3,3.5,3,3,3,control,1,3.5,64,9
286402,4,3,3.5,4,3,3.5,control,0,3.5,66,6
286601,3,3,3,2,3,2.5,experiment,1,3,63,9
286901,4,3,3.5,4,3,3.5,experiment,1,3.5,67,12
287001,1,3,2,3,3,3,control,0,2,72,0
287701,3,3,3,3,3,3,experiment,1,3,60,12
287901,4,3,3.5,4,3,3.5,experiment,1,3.5,62,12
288301,4,3,3.5,3,3,3,experiment,1,3.5,72,12
288601,4,3,3.5,3,3,3,experiment,1,3.5,61,14
289302,3,3,3,3,3,3,control,0,3,69,6
289501,4,3,3.5,3,3,3,experiment,1,3.5,73,6
289502,3,3,3,4,3,3.5,control,0,3,69,6
289801,3,3,3,4,3,3.5,experiment,1,3,63,9
290101,4,3,3.5,2,3,2.5,experiment,1,3.5,68,12
290901,3,2,2.5,2,2,2,experiment,0,2.5,73,6
291901,4,3,3.5,1,2,1.5,experiment,1,3.5,70,16
291902,3,3,3,2,2,2,control,0,3,72,6
292601,4,3,3.5,4,3,3.5,experiment,1,3.5,68,16
292801,3,3,3,4,3,3.5,experiment,1,3,70,6
292802,3,3,3,4,3,3.5,control,0,3,67,6
293401,3,3,3,2,2,2,experiment,1,3,63,12
295101,3,3,3,3,2,2.5,experiment,1,3,70,12
295801,3,3,3,4,3,3.5,experiment,1,3,67,12
296001,3,3,3,4,3,3.5,experiment,1,3,60,9
296002,3,3,3,4,3,3.5,control,1,3,59,6
296601,4,3,3.5,3,3,3,experiment,0,3.5,59,6
296801,2,2,2,2,3,2.5,control,1,2,65,6
298501,2,3,2.5,3,3,3,experiment,1,2.5,66,9
299901,4,3,3.5,3,3,3,experiment,1,3.5,60,12
300202,3,2,2.5,3,3,3,control,0,2.5,71,6
300401,3,3,3,3,3,3,experiment,1,3,68,9
300402,3,3,3,2,2,2,control,1,3,64,12
301802,4,3,3.5,4,3,3.5,experiment,1,3.5,60,12
302401,4,3,3.5,4,3,3.5,experiment,1,3.5,59,6
305501,4,3,3.5,3,3,3,experiment,1,3.5,65,12
305502,4,3,3.5,3,3,3,control,0,3.5,65,9
305801,4,3,3.5,4,3,3.5,experiment,1,3.5,60,9
307801,4,3,3.5,4,3,3.5,experiment,1,3.5,60,12
308001,4,3,3.5,4,3,3.5,experiment,0,3.5,62,16
308101,5,3,4,4,3,3.5,experiment,1,4,60,14
308301,4,3,3.5,3,3,3,experiment,0,3.5,61,16
310502,3,3,3,4,3,3.5,control,1,3,67,9
310601,2,2,2,2,3,2.5,experiment,1,2,67,6
311501,2,2,2,3,3,3,experiment,1,2,64,12
312001,3,3,3,4,3,3.5,experiment,1,3,67,6
312002,4,3,3.5,4,3,3.5,control,0,3.5,65,6
312101,4,3,3.5,4,3,3.5,experiment,1,3.5,59,12
312801,4,3,3.5,3,3,3,experiment,0,3.5,72,12
313001,3,3,3,3,3,3,experiment,1,3,63,9
313101,4,3,3.5,3,3,3,experiment,0,3.5,68,0
313201,4,3,3.5,4,3,3.5,experiment,1,3.5,61,12
313301,4,3,3.5,4,3,3.5,control,1,3.5,61,6
314601,3,3,3,4,3,3.5,experiment,0,3,61,16
314701,4,3,3.5,4,3,3.5,experiment,0,3.5,60,9
314901,3,3,3,3,3,3,control,1,3,72,0
315201,4,3,3.5,2,3,2.5,experiment,0,3.5,65,6
315202,4,3,3.5,3,3,3,control,1,3.5,61,6
316401,4,3,3.5,3,3,3,experiment,1,3.5,60,12
317001,4,3,3.5,4,3,3.5,experiment,1,3.5,59,12
318701,4,3,3.5,3,3,3,experiment,1,3.5,63,6
319301,3,3,3,3,3,3,experiment,0,3,66,12
319302,4,3,3.5,3,3,3,control,1,3.5,61,12
319801,3,2,2.5,3,3,3,experiment,0,2.5,71,12
319802,3,3,3,3,3,3,control,1,3,64,12
319901,4,3,3.5,2,2,2,experiment,1,3.5,60,12
320501,4,3,3.5,3,3,3,experiment,1,3.5,66,6
320502,2,3,2.5,1,2,1.5,control,1,2.5,67,6
320701,4,3,3.5,3,3,3,experiment,1,3.5,71,16
320901,4,3,3.5,2,2,2,experiment,0,3.5,65,12
321201,2,2,2,3,3,3,control,0,2,68,12
324001,4,3,3.5,2,2,2,experiment,1,3.5,62,0
324002,3,3,3,3,3,3,control,0,3,60,0
324901,4,3,3.5,3,3,3,experiment,1,3.5,67,9
324902,3,3,3,3,3,3,control,1,3,62,9
325401,4,3,3.5,3,3,3,experiment,0,3.5,68,12
325701,4,3,3.5,4,3,3.5,experiment,0,3.5,63,14
327201,4,3,3.5,3,3,3,experiment,1,3.5,71,9
327301,3,3,3,1,3,2,experiment,1,3,73,6
327302,2,3,2.5,3,3,3,control,0,2.5,73,6
327901,4,3,3.5,4,3,3.5,experiment,1,3.5,67,12
327902,4,3,3.5,4,3,3.5,control,1,3.5,67,12
328601,3,3,3,2,3,2.5,experiment,1,3,67,6
329801,4,3,3.5,4,3,3.5,experiment,1,3.5,60,12
330901,3,3,3,2,2,2,experiment,0,3,64,12
332701,2,3,2.5,4,3,3.5,experiment,1,2.5,63,12
333401,3,3,3,4,3,3.5,experiment,0,3,60,12
333402,2,3,2.5,4,3,3.5,control,1,2.5,59,12
334302,2,3,2.5,3,3,3,control,1,2.5,72,6
335301,4,3,3.5,4,3,3.5,experiment,1,3.5,66,9
336302,2,2,2,3,3,3,control,0,2,68,6
336601,3,3,3,2,3,2.5,experiment,0,3,61,9
337001,4,3,3.5,3,3,3,experiment,1,3.5,72,16
337201,4,3,3.5,2,2,2,control,0,3.5,70,6
337502,3,3,3,4,3,3.5,control,1,3,60,9
337901,4,3,3.5,4,3,3.5,experiment,1,3.5,66,6
338101,3,3,3,3,3,3,experiment,1,3,66,9
340902,2,2,2,4,3,3.5,control,0,2,59,9
341101,2,3,2.5,4,3,3.5,experiment,1,2.5,60,9
341201,4,3,3.5,4,4,4,experiment,0,3.5,61,9
342201,3,3,3,2,3,2.5,experiment,1,3,71,16
342301,4,3,3.5,3,3,3,experiment,1,3.5,69,12
343401,4,3,3.5,3,4,3.5,control,0,3.5,63,6
344101,3,3,3,4,3,3.5,experiment,1,3,62,16
344102,3,3,3,4,3,3.5,control,1,3,62,12
345701,4,2,3,4,3,3.5,experiment,1,3,67,12
346101,4,3,3.5,3,2,2.5,experiment,0,3.5,59,16
346801,1,1,1,3,3,3,experiment,1,1,64,9
346902,2,3,2.5,4,3,3.5,control,1,2.5,71,6
347402,3,3,3,2,2,2,control,1,3,70,12
348701,1,2,1.5,3,3,3,experiment,0,1.5,63,12
348902,2,2,2,3,3,3,control,1,2,59,12
349301,4,3,3.5,2,3,2.5,experiment,1,3.5,69,12
350401,3,3,3,3,3,3,experiment,1,3,61,12
350601,3,3,3,3,3,3,experiment,1,3,73,9
350602,3,4,3.5,2,3,2.5,control,0,3.5,66,6
350801,4,3,3.5,3,3,3,experiment,1,3.5,71,12
350802,2,2,2,2,3,2.5,control,0,2,65,12
351001,4,3,3.5,4,3,3.5,experiment,1,3.5,59,18
351301,4,3,3.5,3,3,3,experiment,1,3.5,65,16
351302,3,3,3,4,3,3.5,control,1,3,59,14
351801,4,3,3.5,4,3,3.5,experiment,1,3.5,62,12
352301,3,3,3,4,3,3.5,experiment,1,3,60,16
353001,3,3,3,4,3,3.5,experiment,1,3,61,16
353002,3,3,3,4,3,3.5,control,1,3,59,16
354201,3,3,3,4,3,3.5,experiment,0,3,63,9
354401,4,3,3.5,3,3,3,experiment,0,3.5,65,12
354601,2,1,1.5,4,3,3.5,experiment,0,1.5,71,6
354602,2,3,2.5,4,3,3.5,control,0,2.5,66,6
355201,4,3,3.5,3,3,3,experiment,1,3.5,62,12
355501,5,3,4,4,3,3.5,experiment,1,4,63,12
355701,4,3,3.5,4,3,3.5,experiment,0,3.5,60,12
355801,4,3,3.5,2,3,2.5,experiment,1,3.5,69,9
355802,4,3,3.5,4,4,4,control,0,3.5,65,6
358501,4,3,3.5,3,3,3,experiment,1,3.5,60,9
359001,2,2,2,3,3,3,control,0,2,71,9
359101,4,3,3.5,3,3,3,experiment,1,3.5,60,16
359301,4,3,3.5,4,3,3.5,experiment,1,3.5,60,16
360001,3,3,3,4,3,3.5,experiment,1,3,66,9
360401,3,3,3,4,3,3.5,experiment,1,3,67,20
361502,2,2,2,4,3,3.5,experiment,0,2,63,16
361801,3,3,3,3,3,3,experiment,1,3,72,9
364001,4,3,3.5,3,3,3,experiment,1,3.5,61,6
364702,2,2,2,3,3,3,control,0,2,62,12
364803,4,3,3.5,4,3,3.5,control,0,3.5,63,0
366001,4,3,3.5,4,3,3.5,experiment,1,3.5,72,0
366002,4,3,3.5,4,3,3.5,control,0,3.5,64,6
366601,2,2,2,2,3,2.5,control,1,2,63,6
367101,4,3,3.5,2,2,2,experiment,0,3.5,73,9
367901,3,3,3,4,3,3.5,experiment,0,3,70,9
367902,2,2,2,2,3,2.5,control,0,2,69,6
368001,3,3,3,3,3,3,experiment,1,3,66,9
368002,3,3,3,4,3,3.5,control,1,3,62,6
368301,1,4,2.5,3,3,3,experiment,1,2.5,67,6
368402,4,3,3.5,3,3,3,control,1,3.5,71,0
368901,3,2,2.5,4,3,3.5,experiment,0,2.5,63,6
369301,3,3,3,3,3,3,experiment,1,3,61,6
369401,4,3,3.5,4,3,3.5,experiment,1,3.5,60,12
369501,2,2,2,4,3,3.5,experiment,1,2,71,9
369502,1,3,2,2,3,2.5,control,0,2,64,6
369901,3,2,2.5,3,3,3,experiment,1,2.5,61,12
370001,5,3,4,4,3,3.5,experiment,1,4,63,16
370002,4,3,3.5,3,3,3,control,0,3.5,61,9
370402,3,3,3,4,3,3.5,control,1,3,66,6
370601,3,3,3,3,3,3,experiment,0,3,71,0
370901,4,3,3.5,2,2,2,control,1,3.5,63,6
371001,4,3,3.5,4,3,3.5,experiment,0,3.5,70,20
371403,4,3,3.5,4,3,3.5,control,1,3.5,66,6
371502,3,2,2.5,2,2,2,control,0,2.5,71,6
371901,4,4,4,4,3,3.5,experiment,1,4,63,9
372702,4,3,3.5,4,3,3.5,control,1,3.5,71,6
372901,4,3,3.5,2,3,2.5,experiment,0,3.5,66,6
373501,3,3,3,4,3,3.5,experiment,1,3,68,6
373606,3,3,3,3,3,3,experiment,1,3,69,6
374701,4,3,3.5,4,3,3.5,experiment,0,3.5,63,12
374702,3,3,3,4,3,3.5,control,1,3,59,9
376201,3,3,3,2,2,2,experiment,0,3,73,9
376901,2,3,2.5,3,3,3,experiment,0,2.5,70,16
378402,4,3,3.5,3,3,3,experiment,1,3.5,62,12
378403,2,3,2.5,3,3,3,control,0,2.5,61,9
378702,3,3,3,3,3,3,experiment,0,3,68,14
378901,2,2,2,2,2,2,experiment,1,2,65,6
378902,3,2,2.5,3,3,3,control,1,2.5,64,6
379601,4,3,3.5,3,3,3,experiment,1,3.5,63,12
379602,4,3,3.5,3,3,3,control,0,3.5,59,9
380401,3,3,3,3,3,3,experiment,0,3,63,6
380402,3,3,3,3,3,3,control,1,3,60,9
380602,3,3,3,3,3,3,experiment,0,3,69,6
380603,3,3,3,3,3,3,control,1,3,66,0
380802,1,2,1.5,3,3,3,experiment,1,1.5,62,6
383301,2,3,2.5,4,3,3.5,experiment,0,2.5,60,12
383902,4,3,3.5,2,3,2.5,control,0,3.5,62,6
384701,3,3,3,3,3,3,experiment,1,3,65,6
386101,4,3,3.5,3,3,3,experiment,1,3.5,70,12
386102,3,3,3,3,3,3,control,1,3,63,9
386401,3,3,3,3,3,3,experiment,1,3,63,6
386402,4,3,3.5,3,3,3,control,1,3.5,62,6
386602,3,3,3,3,3,3,control,1,3,60,6
387101,4,3,3.5,4,3,3.5,experiment,0,3.5,60,9
387702,4,3,3.5,3,3,3,control,1,3.5,72,12
388302,4,3,3.5,3,3,3,control,1,3.5,72,9
388701,4,3,3.5,3,3,3,experiment,0,3.5,61,6
389201,2,2,2,2,1,1.5,experiment,1,2,68,9
389301,4,3,3.5,2,3,2.5,experiment,0,3.5,63,9
390601,2,3,2.5,3,3,3,control,1,2.5,65,6
390702,2,3,2.5,2,2,2,control,1,2.5,73,6
391001,2,3,2.5,4,3,3.5,experiment,1,2.5,68,12
391002,2,2,2,3,3,3,control,1,2,63,9
391301,1,1,1,3,3,3,experiment,1,1,63,12
391901,2,2,2,2,2,2,experiment,0,2,65,6
391902,2,2,2,2,3,2.5,control,0,2,61,6
392002,3,2,2.5,2,2,2,control,1,2.5,72,0
392301,3,3,3,3,3,3,experiment,0,3,60,18
392701,4,3,3.5,3,3,3,experiment,1,3.5,61,12
393401,2,3,2.5,3,3,3,experiment,0,2.5,67,12
393501,4,3,3.5,2,2,2,experiment,1,3.5,70,12
395401,2,2,2,3,3,3,experiment,0,2,62,9
396901,3,2,2.5,3,3,3,experiment,0,2.5,65,12
396902,3,3,3,4,3,3.5,control,0,3,61,16
397501,2,3,2.5,4,3,3.5,experiment,1,2.5,60,12
397701,3,3,3,4,3,3.5,experiment,0,3,60,12
397802,3,3,3,4,3,3.5,control,1,3,63,9
397901,4,3,3.5,4,3,3.5,experiment,0,3.5,59,12
398402,2,2,2,3,3,3,control,1,2,66,6
398901,4,3,3.5,2,3,2.5,experiment,1,3.5,63,9
399001,3,3,3,3,3,3,experiment,0,3,72,12
399601,4,3,3.5,3,3,3,experiment,0,3.5,59,12
400401,3,3,3,3,3,3,experiment,1,3,63,9
401001,4,3,3.5,3,3,3,experiment,1,3.5,64,12
401201,2,2,2,1,1,1,control,1,2,65,12
401801,2,4,3,1,2,1.5,control,0,3,61,6
402201,4,3,3.5,3,3,3,experiment,1,3.5,71,12
402202,4,3,3.5,3,3,3,control,0,3.5,63,9
402301,3,3,3,3,3,3,experiment,1,3,72,9
402302,4,3,3.5,3,3,3,control,0,3.5,65,6
402501,4,3,3.5,1,1,1,experiment,1,3.5,71,9
402502,3,3,3,3,3,3,control,0,3,67,6
403101,3,3,3,3,3,3,control,0,3,63,9
403401,3,3,3,3,3,3,experiment,0,3,69,6
403402,3,3,3,4,3,3.5,control,1,3,64,6
403601,4,3,3.5,3,3,3,experiment,1,3.5,63,12
403902,3,3,3,2,2,2,control,0,3,73,6
404001,2,2,2,2,3,2.5,experiment,1,2,73,6
404002,4,3,3.5,1,1,1,control,1,3.5,70,6
404301,4,3,3.5,3,2,2.5,experiment,0,3.5,60,12
404501,2,2,2,4,3,3.5,experiment,0,2,66,12
404502,4,3,3.5,3,3,3,control,1,3.5,64,12
404602,2,2,2,3,2,2.5,control,1,2,67,6
405201,2,2,2,1,1,1,experiment,1,2,60,6
405501,3,2,2.5,3,3,3,experiment,1,2.5,60,6
405801,4,3,3.5,3,3,3,experiment,1,3.5,63,9
406302,3,3,3,2,2,2,control,1,3,71,6
406401,4,3,3.5,3,3,3,experiment,1,3.5,59,9
406602,3,3,3,3,3,3,control,0,3,65,6
407403,3,3,3,2,2,2,experiment,1,3,67,9
407404,1,3,2,2,2,2,control,1,2,65,6
407701,4,3,3.5,3,3,3,experiment,1,3.5,70,6
407703,3,3,3,2,2,2,control,1,3,67,6
407803,3,3,3,2,2,2,control,0,3,67,6
407902,4,3,3.5,2,2,2,control,1,3.5,69,6
408001,4,3,3.5,2,2,2,experiment,0,3.5,72,6
408801,4,3,3.5,4,3,3.5,experiment,1,3.5,69,12
408802,4,3,3.5,3,3,3,control,1,3.5,68,9
409401,2,2,2,3,3,3,experiment,1,2,63,12
409801,4,3,3.5,4,3,3.5,experiment,0,3.5,73,6
409802,2,3,2.5,3,3,3,control,1,2.5,69,6
409902,4,3,3.5,3,2,2.5,control,0,3.5,63,6
410601,2,1,1.5,2,2,2,experiment,0,1.5,59,6
412001,3,3,3,3,3,3,experiment,1,3,71,9
412301,4,3,3.5,2,3,2.5,experiment,0,3.5,63,9
412901,3,3,3,4,3,3.5,experiment,1,3,68,12
413101,3,4,3.5,4,3,3.5,experiment,0,3.5,73,6
413701,3,3,3,3,2,2.5,experiment,0,3,66,6
414301,4,3,3.5,2,2,2,experiment,1,3.5,62,12
414502,4,3,3.5,4,3,3.5,control,1,3.5,68,6
414901,4,3,3.5,4,3,3.5,experiment,0,3.5,62,12
415501,4,3,3.5,4,3,3.5,experiment,1,3.5,73,12
415701,4,3,3.5,4,3,3.5,experiment,0,3.5,61,12
416201,3,3,3,3,2,2.5,experiment,1,3,70,6
416202,3,3,3,3,3,3,control,0,3,62,9
416401,2,2,2,4,2,3,experiment,0,2,73,6
416602,4,3,3.5,4,3,3.5,control,1,3.5,73,16
417001,4,3,3.5,4,3,3.5,experiment,0,3.5,61,6
417201,4,3,3.5,2,3,2.5,experiment,1,3.5,67,12
417701,4,3,3.5,4,3,3.5,experiment,0,3.5,71,16
417801,4,3,3.5,4,3,3.5,control,0,3.5,63,6
418301,4,3,3.5,3,3,3,experiment,1,3.5,71,12
418401,4,3,3.5,3,3,3,control,0,3.5,61,18
418802,4,3,3.5,2,3,2.5,control,1,3.5,68,9
419201,2,2,2,2,2,2,experiment,0,2,69,12
419202,2,2,2,3,3,3,control,1,2,64,9
419501,5,2,3.5,4,3,3.5,experiment,0,3.5,61,9
419502,1,3,2,4,3,3.5,control,0,2,59,9
419701,2,2,2,3,3,3,control,1,2,62,9
419801,4,3,3.5,3,2,2.5,experiment,0,3.5,70,12
420101,4,4,4,4,3,3.5,experiment,1,4,68,12
420102,4,4,4,4,3,3.5,control,0,4,66,12
420601,4,4,4,3,3,3,experiment,0,4,60,12
421102,2,3,2.5,4,3,3.5,control,1,2.5,69,12
421601,3,3,3,3,3,3,experiment,1,3,71,9
421602,2,2,2,3,3,3,control,0,2,71,6
421702,2,2,2,2,2,2,control,1,2,67,6
423701,2,3,2.5,4,3,3.5,experiment,1,2.5,70,18
423702,2,3,2.5,4,3,3.5,control,0,2.5,66,16
424501,4,3,3.5,4,3,3.5,experiment,1,3.5,66,6
426001,3,2,2.5,2,2,2,control,1,2.5,59,9
426802,4,3,3.5,3,3,3,control,1,3.5,69,6
426901,4,3,3.5,2,3,2.5,experiment,0,3.5,73,9
426902,2,3,2.5,3,3,3,control,1,2.5,61,0
427401,3,3,3,3,3,3,experiment,0,3,71,6
427402,3,3,3,3,3,3,control,1,3,66,6
428401,3,3,3,4,3,3.5,experiment,0,3,65,12
428402,2,1,1.5,2,2,2,control,1,1.5,63,6
428502,4,3,3.5,3,2,2.5,control,1,3.5,68,6
428701,3,2,2.5,4,3,3.5,experiment,1,2.5,61,9
428801,3,3,3,2,2,2,control,0,3,73,0
429601,4,3,3.5,2,2,2,experiment,1,3.5,71,6
429602,4,2,3,3,3,3,control,1,3,63,6
429701,2,2,2,3,3,3,control,0,2,70,6
430601,4,3,3.5,3,3,3,experiment,1,3.5,68,6
430801,4,3,3.5,4,3,3.5,experiment,1,3.5,62,6
431302,3,2,2.5,3,3,3,control,0,2.5,70,9
431901,4,3,3.5,3,3,3,experiment,1,3.5,66,12
432101,4,3,3.5,4,3,3.5,experiment,1,3.5,68,18
433102,1,2,1.5,2,2,2,control,0,1.5,69,0
433701,4,3,3.5,4,3,3.5,experiment,1,3.5,65,12
434101,2,3,2.5,2,3,2.5,experiment,1,2.5,63,12
434701,4,3,3.5,4,3,3.5,experiment,0,3.5,67,16
434703,4,3,3.5,3,3,3,control,0,3.5,62,14
435001,4,3,3.5,2,2,2,experiment,0,3.5,67,12
435002,4,3,3.5,3,4,3.5,control,1,3.5,61,12
436501,4,3,3.5,2,3,2.5,experiment,0,3.5,65,9
436602,3,3,3,3,3,3,control,0,3,65,6
437101,4,3,3.5,4,3,3.5,experiment,0,3.5,68,9
437501,4,3,3.5,2,2,2,experiment,0,3.5,68,16
437601,4,3,3.5,3,3,3,experiment,0,3.5,64,6
438001,2,2,2,2,2,2,control,0,2,66,6
438201,3,3,3,3,3,3,experiment,0,3,72,9
438401,3,2,2.5,4,3,3.5,experiment,1,2.5,72,16
438402,3,3,3,4,3,3.5,control,0,3,63,16
438701,4,3,3.5,4,3,3.5,experiment,1,3.5,62,16
439001,4,3,3.5,4,3,3.5,experiment,0,3.5,70,9
439102,1,3,2,2,2,2,control,1,2,72,0
440001,4,3,3.5,4,3,3.5,experiment,1,3.5,61,12
441001,3,2,2.5,4,3,3.5,experiment,1,2.5,67,16
441002,2,2,2,2,2,2,control,0,2,64,12
441101,2,4,3,2,2,2,experiment,1,3,70,9
441301,4,3,3.5,4,4,4,experiment,0,3.5,68,6
441302,2,3,2.5,3,3,3,control,0,2.5,63,6
442002,2,2,2,2,3,2.5,control,0,2,67,6
442202,4,3,3.5,3,2,2.5,control,1,3.5,73,6
442301,3,2,2.5,3,2,2.5,experiment,1,2.5,68,6
442302,2,2,2,2,2,2,control,0,2,64,6
443402,3,3,3,3,3,3,control,1,3,73,6
443702,2,3,2.5,3,3,3,control,1,2.5,71,6
443801,4,3,3.5,4,3,3.5,control,1,3.5,65,9
443904,4,3,3.5,3,3,3,control,1,3.5,60,6
445102,2,2,2,4,3,3.5,control,0,2,72,6
445202,2,2,2,2,3,2.5,control,0,2,72,0
446501,4,3,3.5,4,3,3.5,experiment,1,3.5,61,9
447402,3,3,3,3,2,2.5,control,1,3,64,6
447801,4,2,3,5,3,4,experiment,0,3,67,9
448203,4,3,3.5,4,3,3.5,control,1,3.5,65,12
448302,3,3,3,2,2,2,experiment,1,3,64,12
449001,3,3,3,4,3,3.5,experiment,0,3,61,6
449302,3,3,3,4,3,3.5,experiment,0,3,67,16
449902,2,2,2,2,2,2,control,0,2,67,6
450201,4,3,3.5,4,3,3.5,experiment,1,3.5,63,12
450202,4,3,3.5,3,3,3,control,0,3.5,64,12
451701,4,3,3.5,4,3,3.5,control,0,3.5,60,6
451901,2,2,2,3,3,3,control,0,2,65,9
452301,4,3,3.5,4,3,3.5,experiment,1,3.5,63,9
452801,3,3,3,3,3,3,experiment,1,3,65,12
452802,2,2,2,4,3,3.5,control,0,2,61,9
453101,4,3,3.5,2,2,2,experiment,0,3.5,61,9
453703,3,3,3,4,3,3.5,experiment,1,3,72,9
455001,4,3,3.5,4,3,3.5,experiment,0,3.5,67,9
455401,2,2,2,2,2,2,experiment,1,2,63,9
455402,4,3,3.5,3,2,2.5,control,0,3.5,60,12
455601,2,2,2,2,3,2.5,control,0,2,61,6
455602,3,3,3,1,2,1.5,experiment,1,3,60,6
455801,4,3,3.5,3,3,3,experiment,1,3.5,66,12
455802,2,2,2,2,3,2.5,control,0,2,63,9
456001,4,3,3.5,3,3,3,experiment,0,3.5,60,6
459601,4,4,4,3,3,3,experiment,1,4,61,12
460202,2,3,2.5,2,2,2,control,1,2.5,73,6
460402,3,3,3,2,2,2,control,1,3,71,6
462902,4,3,3.5,4,3,3.5,control,0,3.5,63,6
463001,4,3,3.5,3,4,3.5,experiment,0,3.5,62,9
463002,4,2,3,4,3,3.5,control,1,3,60,6
463502,3,3,3,4,3,3.5,control,0,3,65,6
463902,3,3,3,2,2,2,control,1,3,67,6
464001,2,1,1.5,1,2,1.5,experiment,1,1.5,72,12
464801,2,2,2,1,1,1,experiment,0,2,73,6
464802,2,2,2,2,2,2,control,1,2,70,6
465402,2,2,2,2,2,2,control,0,2,73,0
465601,4,3,3.5,2,2,2,experiment,1,3.5,59,14
465701,2,2,2,2,2,2,control,0,2,73,6
465801,4,3,3.5,2,2,2,experiment,0,3.5,66,12
465802,4,3,3.5,2,2,2,control,1,3.5,61,12
465901,3,2,2.5,2,3,2.5,control,0,2.5,65,6
466001,4,3,3.5,2,2,2,experiment,1,3.5,68,9
466101,2,3,2.5,4,3,3.5,experiment,1,2.5,72,9
466102,4,3,3.5,2,3,2.5,control,1,3.5,69,6
467503,2,2,2,3,3,3,control,1,2,73,9
468201,4,3,3.5,3,3,3,experiment,1,3.5,73,6
468401,2,3,2.5,2,2,2,experiment,1,2.5,72,6
469001,4,3,3.5,4,3,3.5,experiment,0,3.5,69,12
469002,3,2,2.5,4,3,3.5,control,1,2.5,66,9
469302,2,2,2,4,3,3.5,control,0,2,73,6
469601,4,3,3.5,2,2,2,experiment,1,3.5,70,12
469602,4,3,3.5,4,3,3.5,control,0,3.5,66,16
469701,2,2,2,3,3,3,experiment,0,2,62,9
470601,3,3,3,4,3,3.5,experiment,1,3,71,12
470602,3,3,3,4,3,3.5,control,0,3,67,6
471001,4,3,3.5,4,3,3.5,experiment,0,3.5,65,6
471002,2,3,2.5,2,2,2,control,0,2.5,62,6
471201,4,3,3.5,3,3,3,experiment,1,3.5,67,9
471202,4,3,3.5,4,3,3.5,control,0,3.5,63,9
471502,3,3,3,2,2,2,control,0,3,73,6
471801,4,3,3.5,2,2,2,experiment,1,3.5,62,9
471802,4,3,3.5,2,2,2,control,1,3.5,64,9
472501,4,3,3.5,4,3,3.5,experiment,1,3.5,61,9
473201,3,3,3,3,3,3,experiment,1,3,73,12
473601,4,3,3.5,3,3,3,experiment,1,3.5,59,12
474201,4,3,3.5,3,3,3,experiment,0,3.5,66,12
474601,4,3,3.5,3,3,3,experiment,1,3.5,69,12
474801,3,3,3,4,3,3.5,experiment,0,3,68,18
474802,4,3,3.5,4,3,3.5,control,1,3.5,65,9
474901,4,4,4,3,3,3,experiment,1,4,64,16
475001,3,3,3,4,3,3.5,control,1,3,63,9
475201,3,3,3,3,3,3,experiment,1,3,60,16
476702,3,3,3,3,3,3,control,1,3,61,12
476902,3,3,3,3,3,3,control,1,3,68,6
477101,4,3,3.5,4,3,3.5,experiment,1,3.5,65,6
477102,3,3,3,4,3,3.5,control,0,3,60,6
477202,2,1,1.5,3,3,3,control,1,1.5,63,9
477402,4,3,3.5,3,3,3,control,0,3.5,61,6
477901,4,3,3.5,3,3,3,experiment,0,3.5,60,6
478002,3,3,3,3,3,3,control,1,3,66,9
478202,4,3,3.5,3,3,3,control,0,3.5,67,6
478301,3,3,3,4,3,3.5,experiment,1,3,64,9
478601,4,4,4,4,3,3.5,experiment,1,4,68,18
479601,2,2,2,3,3,3,experiment,0,2,63,9
479801,4,3,3.5,4,3,3.5,experiment,0,3.5,60,12
480101,4,3,3.5,4,3,3.5,experiment,1,3.5,68,12
480102,4,3,3.5,4,3,3.5,control,1,3.5,60,12
480701,2,4,3,3,3,3,experiment,1,3,60,9
480801,4,3,3.5,2,2,2,control,1,3.5,63,16
481601,4,4,4,3,3,3,experiment,0,4,67,12
481801,4,4,4,4,3,3.5,experiment,1,4,64,12
481901,5,3,4,4,3,3.5,experiment,1,4,66,12
482401,4,3,3.5,3,4,3.5,experiment,1,3.5,61,12
482601,4,4,4,4,3,3.5,experiment,1,4,67,6
482701,3,3,3,4,3,3.5,experiment,1,3,67,6
482801,3,3,3,3,3,3,experiment,0,3,61,12
483002,4,3,3.5,3,4,3.5,control,1,3.5,63,12
483301,4,3,3.5,4,3,3.5,experiment,0,3.5,70,9
483302,3,3,3,4,3,3.5,control,0,3,64,6
483701,4,3,3.5,3,3,3,control,0,3.5,63,6
484303,4,3,3.5,4,3,3.5,experiment,1,3.5,65,9
484304,4,3,3.5,4,3,3.5,control,0,3.5,62,6
485001,4,4,4,3,3,3,experiment,0,4,61,9
486101,4,3,3.5,3,3,3,experiment,1,3.5,65,18
486501,4,3,3.5,3,3,3,experiment,0,3.5,60,9
486801,4,3,3.5,3,3,3,control,1,3.5,61,6
486901,4,3,3.5,3,3,3,control,0,3.5,65,12
487201,4,3,3.5,4,3,3.5,experiment,0,3.5,67,12
488801,2,3,2.5,3,3,3,experiment,0,2.5,63,6
489101,3,3,3,3,3,3,experiment,0,3,68,6
489701,4,3,3.5,3,3,3,experiment,1,3.5,71,9
490502,4,3,3.5,3,3,3,control,0,3.5,67,6
491202,3,3,3,3,3,3,control,1,3,63,6
491601,3,3,3,2,3,2.5,experiment,0,3,62,12
491801,4,2,3,4,3,3.5,experiment,1,3,65,14
492501,4,3,3.5,3,3,3,experiment,1,3.5,60,6
492801,4,3,3.5,3,3,3,experiment,1,3.5,67,9
493701,4,3,3.5,4,3,3.5,experiment,0,3.5,67,9
493702,4,3,3.5,3,3,3,control,0,3.5,66,6
494201,2,3,2.5,4,3,3.5,experiment,0,2.5,73,6
494202,2,3,2.5,1,3,2,control,0,2.5,67,6
494402,2,3,2.5,3,3,3,control,1,2.5,66,6
495001,4,3,3.5,4,3,3.5,control,0,3.5,73,6
495601,2,2,2,3,3,3,experiment,1,2,68,12
495602,3,3,3,3,3,3,control,1,3,66,6
495902,3,3,3,3,3,3,control,1,3,60,9
496101,2,2,2,4,3,3.5,experiment,1,2,67,12
496102,2,2,2,3,3,3,control,0,2,61,12
496201,5,4,4.5,3,3,3,experiment,1,4.5,67,9
496202,4,3,3.5,3,3,3,control,1,3.5,60,9
496402,4,3,3.5,2,3,2.5,control,0,3.5,61,9
496801,2,2,2,3,4,3.5,control,0,2,60,6
496901,2,3,2.5,1,1,1,control,1,2.5,70,6
497601,2,3,2.5,3,3,3,experiment,1,2.5,63,9
497602,2,3,2.5,1,1,1,control,1,2.5,63,6
497701,4,3,3.5,3,4,3.5,experiment,0,3.5,68,12
497702,2,3,2.5,2,3,2.5,control,0,2.5,65,9
498301,3,3,3,1,1,1,experiment,0,3,72,9
498302,4,3,3.5,2,3,2.5,control,1,3.5,64,9
499901,2,2,2,3,3,3,experiment,0,2,64,9
