"pid","year","y1","y2","y3","y4","h_num","age","sex","edu","spouse","treat","Y"
201,0,4,4,3,3,3,50,1,12,1,1,3.5
201,1,5,3,3,3,1,50,1,12,1,1,3.5
1001,0,3,2,5,2,1,47,0,0,0,0,3
1001,1,3,3,3,3,1,47,0,0,0,0,3
1601,0,5,3,3,3,1,53,0,6,0,0,3.5
1601,1,3,3,3,3,1,53,0,6,0,0,3
1802,0,3,5,5,2,5,51,0,6,1,0,3.75
1802,1,3,3,3,3,5,51,0,6,1,0,3
3202,0,2,2,4,2,5,55,0,9,1,1,2.5
3202,1,2,3,3,3,3,55,0,9,1,1,2.75
4001,0,2,2,2,2,5,50,1,12,1,1,2
4001,1,3,3,3,3,2,50,1,12,1,1,3
4401,0,4,3,3,3,4,47,1,9,1,1,3.25
4401,1,5,4,4,3,4,47,1,9,1,1,4
4901,0,4,3,3,3,2,58,1,12,1,1,3.25
4901,1,4,3,3,2,3,58,1,12,1,1,3
4902,0,4,4,4,2,2,52,0,9,1,1,3.5
4902,1,4,3,3,2,3,52,0,9,1,1,3
5101,0,4,4,4,4,5,45,0,16,0,0,4
5101,1,3,3,3,3,3,45,0,16,0,0,3
5503,0,5,5,5,4,3,46,1,14,0,0,4.75
5503,1,4,3,2,2,2,46,1,14,0,0,2.75
6801,0,4,2,2,2,5,59,1,12,1,0,2.5
6801,1,4,3,3,2,3,59,1,12,1,0,3
7201,0,3,2,2,2,5,57,1,12,1,1,2.25
7201,1,4,3,2,2,3,57,1,12,1,1,2.75
7202,0,3,2,2,2,5,52,0,12,1,1,2.25
7202,1,4,3,2,2,3,52,0,12,1,1,2.75
7301,0,4,4,3,3,4,51,1,6,1,1,3.5
7301,1,4,3,3,2,3,51,1,6,1,1,3
7302,0,4,4,3,3,4,50,0,9,1,0,3.5
7302,1,4,3,2,2,3,50,0,9,1,0,2.75
7901,0,3,2,2,2,5,52,1,16,1,1,2.25
7901,1,3,3,2,2,3,52,1,16,1,1,2.5
8001,0,2,3,3,3,4,56,1,12,1,1,2.75
8001,1,4,3,3,3,3,56,1,12,1,1,3.25
8002,0,2,3,3,3,4,50,0,12,1,1,2.75
8002,1,4,3,3,3,3,50,0,12,1,1,3.25
9101,0,4,3,3,3,5,54,1,12,1,1,3.25
9101,1,3,2,2,2,2,54,1,12,1,1,2.25
9301,0,5,4,4,4,3,50,1,12,1,0,4.25
9301,1,3,3,3,2,3,50,1,12,1,0,2.75
9401,0,3,4,4,4,4,59,1,9,1,0,3.75
9401,1,5,4,4,3,2,59,1,9,1,0,4
9402,0,3,4,4,4,4,55,0,6,1,0,3.75
9402,1,5,4,3,2,2,55,0,6,1,0,3.5
10101,0,2,2,2,2,5,47,1,18,1,1,2
10101,1,3,3,2,2,3,47,1,18,1,1,2.5
11201,0,4,3,3,3,5,59,1,12,1,1,3.25
11201,1,4,3,3,3,2,59,1,12,1,1,3.25
11202,0,4,3,4,3,5,54,0,9,1,1,3.5
11202,1,4,3,3,3,2,54,0,9,1,1,3.25
11901,0,5,4,3,3,3,49,1,6,1,0,3.75
11901,1,4,4,3,4,1,49,1,6,1,0,3.75
12001,0,3,4,3,3,4,51,1,9,1,1,3.25
12001,1,3,3,3,2,3,51,1,9,1,1,2.75
12601,0,4,3,3,3,4,49,1,9,1,1,3.25
12601,1,3,3,3,2,2,49,1,9,1,1,2.75
13101,0,5,4,4,2,4,46,1,9,1,1,3.75
13101,1,4,3,3,2,2,46,1,9,1,1,3
13102,0,5,3,3,2,4,46,0,9,1,1,3.25
13102,1,4,3,3,2,2,46,0,9,1,1,3
13301,0,5,4,4,3,4,55,1,6,1,0,4
13301,1,5,4,3,2,2,55,1,6,1,0,3.5
13702,0,5,4,4,3,4,48,0,9,1,1,4
13702,1,3,3,3,2,3,48,0,9,1,1,2.75
14501,0,4,3,3,2,4,47,1,12,1,1,3
14501,1,5,3,3,2,4,47,1,12,1,1,3.25
14502,0,4,3,3,2,4,45,0,12,1,1,3
14502,1,5,3,2,2,4,45,0,12,1,1,3
14601,0,3,3,3,3,4,49,1,12,1,1,3
14601,1,3,2,2,2,2,49,1,12,1,1,2.25
15001,0,3,4,3,2,5,55,1,12,1,1,3
15001,1,3,3,2,2,2,55,1,12,1,1,2.5
15402,0,4,5,3,2,2,56,0,0,1,0,3.5
15402,1,2,2,2,2,1,56,0,0,1,0,2
15701,0,5,3,3,3,6,54,1,12,1,1,3.5
15701,1,3,2,3,2,2,54,1,12,1,1,2.5
15702,0,5,3,3,1,6,52,0,12,1,1,3
15702,1,3,2,2,2,2,52,0,12,1,1,2.25
16401,0,2,2,2,2,4,52,1,16,1,1,2
16401,1,3,3,2,2,4,52,1,16,1,1,2.5
16402,0,2,2,2,2,4,48,0,12,1,1,2
16402,1,3,3,2,2,4,48,0,12,1,1,2.5
16801,0,3,3,3,3,5,45,1,12,1,1,3
16801,1,3,2,2,2,4,45,1,12,1,1,2.25
16901,0,4,4,3,3,2,52,1,6,1,1,3.5
16901,1,5,4,3,2,2,52,1,6,1,1,3.5
16902,0,4,4,3,3,2,51,0,6,1,1,3.5
16902,1,5,3,3,2,2,51,0,6,1,1,3.25
17201,0,5,3,3,3,4,52,1,9,1,0,3.5
17201,1,4,4,3,2,2,52,1,9,1,0,3.25
17202,0,5,5,5,2,4,47,0,9,1,1,4.25
17202,1,4,4,3,2,2,47,0,9,1,1,3.25
17501,0,4,5,4,2,4,45,1,12,1,1,3.75
17501,1,4,3,3,3,3,45,1,12,1,1,3.25
18101,0,5,3,3,3,4,47,1,6,1,1,3.5
18101,1,5,3,2,2,4,47,1,6,1,1,3
18901,0,4,3,3,2,4,47,1,16,1,1,3
18901,1,4,3,2,2,3,47,1,16,1,1,2.75
19101,0,3,3,4,3,5,49,1,12,1,1,3.25
19101,1,3,3,3,2,2,49,1,12,1,1,2.75
19102,0,3,3,4,3,5,45,0,12,1,1,3.25
19102,1,3,3,3,2,2,45,0,12,1,1,2.75
19301,0,4,4,4,2,3,56,1,16,1,1,3.5
19301,1,5,3,4,3,1,56,1,16,1,1,3.75
20001,0,3,4,4,2,4,56,1,6,1,1,3.25
20001,1,3,4,3,2,2,56,1,6,1,1,3
20201,0,4,5,4,3,5,50,1,12,1,0,4
20201,1,3,4,2,2,3,50,1,12,1,0,2.75
20401,0,3,3,3,2,4,59,1,18,1,1,2.75
20401,1,3,3,2,2,2,59,1,18,1,1,2.5
20402,0,3,3,2,2,4,57,0,16,1,1,2.5
20402,1,3,2,2,2,2,57,0,16,1,1,2.25
20601,0,4,4,3,3,4,52,1,12,1,1,3.5
20601,1,4,4,3,3,1,52,1,12,1,1,3.5
20802,0,4,3,4,3,5,47,0,9,1,1,3.5
20802,1,4,3,3,2,3,47,0,9,1,1,3
22101,0,4,3,4,3,4,47,1,6,1,1,3.5
22101,1,4,4,3,2,3,47,1,6,1,1,3.25
22201,0,3,3,3,2,3,58,0,6,1,1,2.75
22201,1,5,4,3,2,2,58,0,6,1,1,3.5
23201,0,3,2,2,2,4,48,1,18,1,1,2.25
23201,1,3,3,3,2,3,48,1,18,1,1,2.75
23701,0,3,4,3,2,2,56,1,6,1,1,3
23701,1,5,4,2,2,2,56,1,6,1,1,3.25
24301,0,4,4,4,3,1,47,1,16,0,1,3.75
24301,1,4,3,4,3,2,47,1,16,0,1,3.5
24501,0,3,3,2,3,1,46,1,9,0,1,2.75
24501,1,3,3,3,3,1,46,1,9,0,1,3
25602,0,3,3,3,2,5,48,1,14,1,1,2.75
25602,1,3,2,2,2,2,48,1,14,1,1,2.25
25701,0,3,3,3,2,3,50,0,9,0,1,2.75
25701,1,3,4,4,2,1,50,0,9,0,1,3.25
26101,0,4,3,4,2,6,50,1,9,1,1,3.25
26101,1,2,3,3,2,4,50,1,9,1,1,2.5
26701,0,3,3,3,2,4,48,1,12,1,1,2.75
26701,1,3,2,2,2,4,48,1,12,1,1,2.25
27601,0,3,2,3,2,3,51,1,9,1,1,2.5
27601,1,4,3,3,2,2,51,1,9,1,1,3
28202,0,4,3,4,1,3,51,0,6,1,1,3
28202,1,2,2,2,2,3,51,0,6,1,1,2
28602,0,4,3,3,3,3,48,0,6,1,1,3.25
28602,1,4,3,4,2,2,48,0,6,1,1,3.25
29601,0,3,3,3,3,6,45,1,16,1,1,3
29601,1,2,2,2,2,4,45,1,16,1,1,2
29702,0,4,4,4,3,4,48,1,12,1,1,3.75
29702,1,5,3,3,3,4,48,1,12,1,1,3.5
30101,0,4,3,3,2,5,49,1,12,1,1,3
30101,1,5,3,3,3,4,49,1,12,1,1,3.5
30102,0,4,4,3,3,5,46,0,12,1,1,3.5
30102,1,5,4,3,4,4,46,0,12,1,1,4
30601,0,3,3,4,3,5,59,1,6,1,1,3.25
30601,1,4,3,3,2,3,59,1,6,1,1,3
30702,0,3,3,4,2,4,45,0,9,1,1,3
30702,1,4,4,3,2,3,45,0,9,1,1,3.25
32201,0,3,3,4,3,4,52,1,6,1,1,3.25
32201,1,4,3,3,3,2,52,1,6,1,1,3.25
32202,0,3,3,4,2,4,46,0,6,1,1,3
32202,1,4,3,2,2,2,46,0,6,1,1,2.75
33101,0,3,3,4,2,5,50,1,9,1,1,3
33101,1,4,2,2,2,2,50,1,9,1,1,2.5
33102,0,3,3,4,2,5,51,0,6,1,1,3
33102,1,4,2,2,2,2,51,0,6,1,1,2.5
33401,0,3,3,4,3,4,51,1,12,1,1,3.25
33401,1,5,4,3,3,3,51,1,12,1,1,3.75
33402,0,3,3,4,3,4,49,0,9,1,1,3.25
33402,1,5,4,3,2,3,49,0,9,1,1,3.5
34001,0,5,5,5,3,4,51,1,12,1,0,4.5
34001,1,4,3,3,2,4,51,1,12,1,0,3
34002,0,5,5,5,3,4,46,0,9,1,1,4.5
34002,1,4,4,3,2,4,46,0,9,1,1,3.25
35301,0,4,3,3,3,4,56,1,9,1,1,3.25
35301,1,5,3,3,3,3,56,1,9,1,1,3.5
35302,0,4,4,4,4,4,53,0,12,1,1,4
35302,1,5,4,2,3,3,53,0,12,1,1,3.5
35401,0,4,3,5,2,3,54,0,6,0,1,3.5
35401,1,3,3,3,2,4,54,0,6,0,1,2.75
36102,0,4,4,3,3,4,47,0,12,1,1,3.5
36102,1,3,2,2,2,2,47,0,12,1,1,2.25
36501,0,3,3,3,2,5,58,1,12,1,1,2.75
36501,1,3,3,2,2,2,58,1,12,1,1,2.5
36502,0,3,3,3,2,5,53,0,9,1,1,2.75
36502,1,3,3,2,2,2,53,0,9,1,1,2.5
36601,0,5,4,4,3,4,54,1,9,1,0,4
36601,1,4,3,3,3,2,54,1,9,1,0,3.25
36602,0,5,4,4,3,4,49,0,9,1,0,4
36602,1,4,3,3,3,2,49,0,9,1,0,3.25
37004,0,3,3,4,2,5,57,0,0,1,0,3
37004,1,4,4,3,2,2,57,0,0,1,0,3.25
37101,0,3,3,3,5,5,54,1,12,1,1,3.5
37101,1,4,3,3,4,1,54,1,12,1,1,3.5
37701,0,3,3,3,2,5,54,1,6,1,1,2.75
37701,1,5,4,4,3,2,54,1,6,1,1,4
37702,0,3,3,3,2,5,50,0,6,1,0,2.75
37702,1,5,3,3,3,2,50,0,6,1,0,3.5
38401,0,4,5,3,3,4,59,1,6,1,1,3.75
38401,1,4,4,3,3,3,59,1,6,1,1,3.5
38402,0,4,5,3,3,4,53,0,6,1,1,3.75
38402,1,4,4,3,3,3,53,0,6,1,1,3.5
38501,0,4,3,4,2,5,53,1,9,1,1,3.25
38501,1,3,3,3,3,3,53,1,9,1,1,3
38502,0,4,4,4,2,5,51,0,9,1,0,3.5
38502,1,3,3,3,3,3,51,0,9,1,0,3
39304,0,4,4,3,2,7,58,0,6,1,1,3.25
39304,1,4,3,3,3,5,58,0,6,1,1,3.25
39401,0,3,3,4,2,5,59,1,9,1,1,3
39401,1,3,3,4,3,3,59,1,9,1,1,3.25
39402,0,3,3,3,2,5,55,0,6,1,1,2.75
39402,1,3,3,4,3,3,55,0,6,1,1,3.25
39501,0,4,3,2,2,4,51,1,12,1,1,2.75
39501,1,2,3,2,2,4,51,1,12,1,1,2.25
39502,0,4,3,3,2,4,47,0,9,1,0,3
39502,1,2,3,3,2,4,47,0,9,1,0,2.5
39701,0,4,3,3,1,4,47,1,16,1,0,2.75
39701,1,3,2,2,2,3,47,1,16,1,0,2.25
39901,0,3,3,3,2,4,47,1,9,1,1,2.75
39901,1,4,3,3,3,3,47,1,9,1,1,3.25
40101,0,3,4,3,2,5,51,1,12,1,0,3
40101,1,3,3,3,3,3,51,1,12,1,0,3
40201,0,3,3,3,3,4,57,1,9,1,1,3
40201,1,3,3,3,2,2,57,1,9,1,1,2.75
41002,0,3,3,3,2,6,57,0,16,1,1,2.75
41002,1,3,3,3,2,3,57,0,16,1,1,2.75
41101,0,3,3,2,3,2,47,0,16,0,1,2.75
41101,1,3,2,2,2,3,47,0,16,0,1,2.25
42401,0,4,2,3,2,4,46,1,12,1,1,2.75
42401,1,4,3,3,2,4,46,1,12,1,1,3
42801,0,4,5,4,3,4,55,1,12,1,0,4
42801,1,3,3,3,1,4,55,1,12,1,0,2.5
42901,0,4,4,5,3,4,50,1,6,1,0,4
42901,1,5,4,3,3,3,50,1,6,1,0,3.75
43601,0,3,2,2,2,5,51,1,12,1,1,2.25
43601,1,5,3,3,3,2,51,1,12,1,1,3.5
43602,0,3,2,2,2,5,49,0,6,1,1,2.25
43602,1,5,4,3,3,2,49,0,6,1,1,3.75
44002,0,3,4,3,3,2,59,0,6,1,0,3.25
44002,1,3,3,1,2,1,59,0,6,1,0,2.25
44101,0,4,5,5,3,4,47,0,9,1,1,4.25
44101,1,5,4,4,3,4,47,0,9,1,1,4
45101,0,2,2,2,2,4,53,1,12,1,1,2
45101,1,3,3,2,2,3,53,1,12,1,1,2.5
45701,0,3,3,3,2,4,47,1,18,1,1,2.75
45701,1,2,2,2,2,2,47,1,18,1,1,2
45801,0,3,4,3,2,3,49,1,16,1,1,3
45801,1,3,3,3,2,2,49,1,16,1,1,2.75
45901,0,3,3,3,2,4,48,1,18,1,1,2.75
45901,1,4,3,4,2,2,48,1,18,1,1,3.25
46101,0,4,5,3,2,4,54,1,12,1,1,3.5
46101,1,3,4,3,2,2,54,1,12,1,1,3
46201,0,3,2,4,3,4,49,1,12,1,1,3
46301,0,3,2,2,2,4,46,1,14,1,1,2.25
46301,1,3,2,2,2,2,46,1,14,1,1,2.25
46803,0,4,4,3,3,6,46,1,12,1,1,3.5
46803,1,3,3,2,1,4,46,1,12,1,1,2.25
47001,0,3,3,2,2,1,47,0,18,0,1,2.5
47001,1,3,3,3,2,1,47,0,18,0,1,2.75
47601,0,3,3,3,2,5,53,1,16,1,1,2.75
47601,1,2,3,2,2,2,53,1,16,1,1,2.25
50201,0,3,3,3,2,4,46,1,12,1,1,2.75
50201,1,3,3,3,2,4,46,1,12,1,1,2.75
50801,0,3,3,3,2,3,49,0,6,0,1,2.75
50801,1,3,3,3,2,1,49,0,6,0,1,2.75
51001,0,5,5,4,5,5,51,1,12,1,1,4.75
51001,1,3,3,3,2,3,51,1,12,1,1,2.75
51201,0,3,3,2,2,4,46,1,12,1,1,2.5
51201,1,3,3,3,1,2,46,1,12,1,1,2.5
51801,0,4,4,3,3,5,57,1,12,1,1,3.5
51802,0,4,5,2,2,5,49,0,9,1,0,3.25
51802,1,4,3,3,2,2,49,0,9,1,0,3
51901,0,4,3,4,3,2,55,1,12,1,0,3.5
51901,1,5,4,3,3,2,55,1,12,1,0,3.75
51902,0,4,4,4,3,2,53,0,6,1,1,3.75
51902,1,5,4,3,3,2,53,0,6,1,1,3.75
52001,0,4,4,4,3,2,59,1,0,0,1,3.75
52001,1,3,3,3,3,1,59,1,0,0,1,3
52201,0,3,3,3,3,4,46,1,12,1,1,3
52201,1,4,4,4,3,3,46,1,12,1,1,3.75
52601,0,3,3,3,3,5,47,1,12,1,1,3
52601,1,4,4,3,2,4,47,1,12,1,1,3.25
52602,0,3,3,4,3,5,46,0,12,1,1,3.25
52602,1,4,3,2,2,4,46,0,12,1,1,2.75
53002,0,5,4,3,2,5,46,1,12,1,1,3.5
53002,1,3,3,3,3,4,46,1,12,1,1,3
53201,0,3,3,4,1,4,47,1,12,1,1,2.75
53201,1,3,3,3,2,4,47,1,12,1,1,2.75
53402,0,3,3,4,3,5,47,1,12,1,1,3.25
53402,1,2,2,2,2,4,47,1,12,1,1,2
53901,0,3,4,4,2,4,46,1,12,1,0,3.25
53901,1,3,3,3,2,3,46,1,12,1,0,2.75
54902,0,4,4,4,3,4,50,0,9,1,0,3.75
54902,1,3,2,2,2,2,50,0,9,1,0,2.25
55001,0,4,4,4,3,4,46,1,12,1,1,3.75
55001,1,3,3,3,2,3,46,1,12,1,1,2.75
55501,0,4,4,4,3,4,47,1,6,1,0,3.75
55501,1,5,3,4,3,4,47,1,6,1,0,3.75
55702,0,3,3,2,2,3,47,0,9,1,0,2.5
55702,1,4,3,3,2,2,47,0,9,1,0,3
55802,0,4,4,3,3,3,54,0,12,1,0,3.5
55802,1,4,3,3,2,3,54,0,12,1,0,3
57601,0,4,4,4,4,4,47,1,6,0,1,4
57601,1,4,3,3,2,4,47,1,6,0,1,3
57901,0,4,4,3,4,1,47,0,6,0,0,3.75
57901,1,3,3,3,3,1,47,0,6,0,0,3
58601,0,3,3,4,4,3,50,1,9,0,1,3.5
58601,1,3,3,3,3,2,50,1,9,0,1,3
59002,0,4,4,3,3,2,53,0,6,1,0,3.5
59002,1,4,3,4,3,2,53,0,6,1,0,3.5
59501,0,4,4,4,3,4,46,1,6,1,1,3.75
59501,1,5,4,3,3,3,46,1,6,1,1,3.75
60102,0,3,4,3,3,5,56,1,16,1,1,3.25
60102,1,2,3,2,2,2,56,1,16,1,1,2.25
60103,0,3,4,3,3,5,54,0,12,1,1,3.25
60103,1,2,2,3,2,2,54,0,12,1,1,2.25
60501,0,3,3,3,3,4,51,1,9,1,1,3
60501,1,3,3,2,2,2,51,1,9,1,1,2.5
60502,0,3,3,3,3,4,48,0,12,1,1,3
60502,1,3,3,2,2,2,48,0,12,1,1,2.5
60801,0,4,4,3,3,1,53,0,9,0,1,3.5
60801,1,3,3,3,3,1,53,0,9,0,1,3
61901,0,4,4,4,3,4,45,1,6,0,1,3.75
61901,1,3,5,4,3,2,45,1,6,0,1,3.75
62001,0,4,3,3,3,4,46,1,12,1,1,3.25
62001,1,3,3,2,2,3,46,1,12,1,1,2.5
62102,0,4,4,3,3,4,46,0,9,1,1,3.5
62102,1,4,3,3,2,4,46,0,9,1,1,3
62401,0,3,3,4,3,3,46,1,9,1,1,3.25
62401,1,5,4,4,3,3,46,1,9,1,1,4
63101,0,3,3,3,3,4,45,1,12,1,1,3
63101,1,2,2,2,2,3,45,1,12,1,1,2
63302,0,3,3,3,3,2,58,0,6,1,1,3
63302,1,3,3,3,2,2,58,0,6,1,1,2.75
63901,0,3,3,4,3,4,59,1,6,1,1,3.25
63901,1,2,2,2,2,3,59,1,6,1,1,2
63902,0,3,3,4,3,4,55,0,6,1,1,3.25
63902,1,2,2,3,2,3,55,0,6,1,1,2.25
64101,0,2,4,3,3,2,59,1,9,1,1,3
64101,1,5,5,4,3,2,59,1,9,1,1,4.25
64802,0,4,3,3,3,5,51,0,6,1,1,3.25
64802,1,4,3,3,2,3,51,0,6,1,1,3
65001,0,2,2,3,2,4,46,1,9,1,1,2.25
65001,1,3,3,3,3,2,46,1,9,1,1,3
66201,0,3,3,3,2,2,52,1,16,1,1,2.75
66201,1,4,3,3,3,1,52,1,16,1,1,3.25
67201,0,4,4,4,3,4,47,1,12,1,1,3.75
67201,1,4,3,3,3,3,47,1,12,1,1,3.25
68201,0,4,4,3,3,4,46,1,6,1,0,3.5
68201,1,5,3,4,3,4,46,1,6,1,0,3.75
68401,0,3,3,3,3,5,55,1,12,1,1,3
68401,1,3,3,3,2,3,55,1,12,1,1,2.75
68404,0,3,4,3,3,5,48,0,9,1,1,3.25
68404,1,3,3,3,3,3,48,0,9,1,1,3
68501,0,5,4,4,2,4,54,1,12,1,0,3.75
68501,1,3,3,3,2,2,54,1,12,1,0,2.75
68502,0,5,4,4,2,4,47,0,9,1,0,3.75
68502,1,3,3,3,2,2,47,0,9,1,0,2.75
69801,0,4,4,4,2,4,51,1,6,1,0,3.5
69801,1,4,3,3,3,2,51,1,6,1,0,3.25
70201,0,4,4,4,2,2,48,1,12,1,0,3.5
70201,1,3,2,3,3,1,48,1,12,1,0,2.75
70601,0,3,3,4,2,4,47,1,9,1,1,3
70601,1,3,3,2,3,2,47,1,9,1,1,2.75
72001,0,2,2,2,2,4,47,1,16,1,1,2
72001,1,2,2,2,2,3,47,1,16,1,1,2
72101,0,2,4,3,2,3,53,1,16,1,1,2.75
72101,1,4,3,2,2,2,53,1,16,1,1,2.75
72501,0,3,3,3,2,3,48,1,18,1,1,2.75
72501,1,2,2,2,2,3,48,1,18,1,1,2
72801,0,5,4,4,3,5,48,1,12,1,1,4
72801,1,3,4,3,3,2,48,1,12,1,1,3.25
73102,0,2,2,3,3,2,57,0,9,1,1,2.5
73102,1,3,3,2,3,2,57,0,9,1,1,2.75
75001,0,2,3,3,2,5,57,1,9,1,1,2.5
75001,1,3,3,3,3,3,57,1,9,1,1,3
75601,0,3,3,3,2,2,59,1,6,1,1,2.75
75601,1,5,4,3,2,2,59,1,6,1,1,3.5
76001,0,4,4,3,3,2,55,1,16,0,0,3.5
76001,1,2,3,2,3,1,55,1,16,0,0,2.5
76101,0,4,4,3,2,5,55,1,16,1,1,3.25
76101,1,5,4,3,2,3,55,1,16,1,1,3.5
77301,0,3,3,3,3,2,45,1,12,0,1,3
77402,0,5,4,4,3,3,57,0,0,0,0,4
77402,1,4,3,3,3,1,57,0,0,0,0,3.25
78601,0,3,3,4,2,4,51,1,12,1,1,3
79001,0,4,4,3,3,4,50,1,12,1,0,3.5
79801,0,5,4,4,2,5,45,1,6,1,1,3.75
79801,1,4,3,3,3,3,45,1,6,1,1,3.25
79901,0,3,5,4,2,3,45,1,12,0,1,3.5
79901,1,3,3,3,3,1,45,1,12,0,1,3
81101,0,3,3,4,3,5,51,1,12,1,1,3.25
81101,1,3,3,3,2,3,51,1,12,1,1,2.75
81102,0,3,2,2,2,5,47,0,9,1,1,2.25
81102,1,3,3,3,2,3,47,0,9,1,1,2.75
81301,0,3,2,2,1,5,51,1,18,1,1,2
81301,1,2,2,2,2,2,51,1,18,1,1,2
81501,0,4,3,3,3,3,51,1,14,1,1,3.25
81501,1,3,3,3,2,2,51,1,14,1,1,2.75
82901,0,4,5,5,3,3,55,1,6,1,0,4.25
82901,1,4,3,3,2,2,55,1,6,1,0,3
83002,0,5,5,5,2,4,50,0,9,1,0,4.25
83002,1,5,3,3,2,2,50,0,9,1,0,3.25
83101,0,4,4,5,2,4,45,1,6,1,0,3.75
83101,1,4,3,3,2,2,45,1,6,1,0,3
83102,0,4,4,5,3,4,45,0,6,1,0,4
83102,1,4,3,3,2,2,45,0,6,1,0,3
84101,0,4,3,4,3,4,53,1,9,1,1,3.5
84101,1,3,2,2,2,2,53,1,9,1,1,2.25
84102,0,4,4,3,3,4,51,0,9,1,0,3.5
84102,1,3,3,2,2,2,51,0,9,1,0,2.5
84402,0,3,3,4,3,6,58,0,6,1,0,3.25
84402,1,4,3,3,2,3,58,0,6,1,0,3
85501,0,5,5,5,2,6,55,1,9,1,1,4.25
85501,1,4,3,3,2,3,55,1,9,1,1,3
85502,0,5,5,5,3,6,51,0,6,1,0,4.5
85502,1,4,3,3,2,3,51,0,6,1,0,3
85601,0,3,3,5,2,4,56,1,6,1,1,3.25
85601,1,5,3,3,2,3,56,1,6,1,1,3.25
85702,0,3,5,4,2,5,46,0,12,1,0,3.5
85702,1,4,3,3,2,4,46,0,12,1,0,3
86601,0,2,3,4,3,4,59,1,12,1,1,3
86601,1,3,3,2,2,2,59,1,12,1,1,2.5
88501,0,1,3,3,3,2,47,1,6,0,1,2.5
88501,1,4,3,3,3,2,47,1,6,0,1,3.25
88801,0,1,3,4,2,4,48,1,12,1,1,2.5
88801,1,3,4,3,2,3,48,1,12,1,1,3
89301,0,5,4,4,2,3,47,0,9,0,0,3.75
89301,1,5,3,3,2,2,47,0,9,0,0,3.25
89401,0,4,4,4,4,4,54,1,12,1,1,4
89401,1,3,2,2,2,3,54,1,12,1,1,2.25
89501,0,5,5,5,3,4,59,0,6,0,0,4.5
89501,1,5,3,3,2,3,59,0,6,0,0,3.25
89901,0,5,5,5,3,4,46,0,12,0,0,4.5
89901,1,4,3,3,3,4,46,0,12,0,0,3.25
91201,0,-1,4,4,2,5,45,1,12,1,0,2.25
91201,1,3,3,2,2,3,45,1,12,1,0,2.5
92001,0,4,5,5,3,5,46,1,9,1,0,4.25
92001,1,4,3,3,2,4,46,1,9,1,0,3
93101,0,3,4,3,3,3,55,1,9,1,1,3.25
93101,1,3,3,2,2,2,55,1,9,1,1,2.5
93402,0,4,3,3,3,6,58,1,12,1,1,3.25
93402,1,3,3,2,2,4,58,1,12,1,1,2.5
93403,0,4,3,3,3,6,55,0,9,1,1,3.25
93403,1,3,3,3,2,4,55,0,9,1,1,2.75
93901,0,3,3,3,3,3,52,0,12,0,1,3
93901,1,2,2,2,2,1,52,0,12,0,1,2
94101,0,3,2,2,2,4,59,1,9,1,1,2.25
94101,1,3,2,2,2,2,59,1,9,1,1,2.25
94102,0,3,3,3,3,4,53,0,6,1,1,3
94102,1,3,3,2,2,2,53,0,6,1,1,2.5
95101,0,3,3,3,3,3,53,1,9,1,1,3
95101,1,3,3,3,3,2,53,1,9,1,1,3
97201,0,3,3,3,3,4,49,0,6,0,1,3
97201,1,3,3,3,3,2,49,0,6,0,1,3
98301,0,3,2,3,2,4,49,1,16,1,1,2.5
98301,1,1,1,1,1,2,49,1,16,1,1,1
98501,0,3,3,3,2,3,55,1,9,1,0,2.75
98501,1,4,3,3,3,1,55,1,9,1,0,3.25
98801,0,5,4,4,2,4,46,1,12,1,1,3.75
98801,1,2,2,2,2,3,46,1,12,1,1,2
100101,0,4,4,3,2,4,59,1,12,1,1,3.25
100101,1,3,4,3,3,1,59,1,12,1,1,3.25
100601,0,3,4,4,2,4,49,1,6,1,0,3.25
100601,1,3,3,3,2,4,49,1,6,1,0,2.75
100901,0,3,3,3,3,3,46,0,12,0,1,3
100901,1,4,3,3,2,1,46,0,12,0,1,3
101001,0,4,4,4,3,4,56,1,6,1,1,3.75
101001,1,4,4,3,3,2,56,1,6,1,1,3.5
101301,0,3,2,2,2,5,56,1,16,1,1,2.25
101301,1,2,2,2,3,3,56,1,16,1,1,2.25
103001,0,3,3,3,3,4,53,1,16,1,1,3
103001,1,4,3,3,2,2,53,1,16,1,1,3
103802,0,3,4,4,2,4,49,0,6,1,0,3.25
103802,1,5,3,3,2,3,49,0,6,1,0,3.25
106601,0,5,4,4,2,3,45,0,9,0,0,3.75
106601,1,5,4,4,3,2,45,0,9,0,0,4
106701,0,3,3,3,2,6,54,1,16,1,1,2.75
106701,1,3,3,2,2,2,54,1,16,1,1,2.5
106802,0,4,4,4,2,3,47,0,6,1,1,3.5
106802,1,5,4,4,3,2,47,0,6,1,1,4
107101,0,4,4,4,2,4,52,1,12,1,0,3.5
107101,1,4,3,3,2,2,52,1,12,1,0,3
108401,0,4,4,4,2,4,50,1,9,1,1,3.5
108401,1,4,3,3,2,2,50,1,9,1,1,3
108402,0,4,4,4,1,4,46,0,6,1,1,3.25
108402,1,4,3,3,2,2,46,0,6,1,1,3
109501,0,4,4,5,2,4,56,1,9,1,0,3.75
109501,1,3,4,3,2,2,56,1,9,1,0,3
109701,0,3,3,4,2,5,55,1,16,1,1,3
109701,1,4,3,3,2,3,55,1,16,1,1,3
110501,0,4,4,4,2,4,49,1,12,1,0,3.5
110501,1,4,3,3,2,4,49,1,12,1,0,3
110801,0,4,3,3,3,4,52,1,12,0,1,3.25
110801,1,3,3,3,2,2,52,1,12,0,1,2.75
111602,0,1,2,3,2,4,48,0,18,1,1,2
111602,1,3,3,3,2,2,48,0,18,1,1,2.75
111901,0,3,3,3,2,4,50,1,20,1,1,2.75
111901,1,3,3,2,2,4,50,1,20,1,1,2.5
112101,0,3,3,3,3,5,46,1,12,1,1,3
112101,1,3,2,2,2,3,46,1,12,1,1,2.25
112102,0,3,4,3,3,5,45,0,12,1,1,3.25
112102,1,3,2,2,2,3,45,0,12,1,1,2.25
112701,0,4,4,4,3,4,47,1,9,0,0,3.75
112701,1,3,3,3,3,3,47,1,9,0,0,3
113101,0,4,4,4,2,4,51,1,16,1,1,3.5
113101,1,4,3,3,2,3,51,1,16,1,1,3
114301,0,4,5,4,2,4,50,1,16,1,1,3.75
114301,1,3,3,2,2,4,50,1,16,1,1,2.5
114501,0,5,4,4,3,4,55,1,12,1,1,4
114501,1,4,3,3,2,2,55,1,12,1,1,3
114502,0,5,4,3,3,4,49,0,9,1,1,3.75
114502,1,4,3,3,2,2,49,0,9,1,1,3
114602,0,3,4,3,3,4,53,0,16,1,1,3.25
115202,0,4,4,3,3,4,55,0,6,1,1,3.5
115202,1,5,4,3,3,2,55,0,6,1,1,3.75
115501,0,5,5,4,3,5,54,1,14,1,1,4.25
115501,1,4,4,3,3,2,54,1,14,1,1,3.5
115502,0,5,4,4,3,5,49,0,6,1,0,4
115502,1,4,4,3,3,2,49,0,6,1,0,3.5
116101,0,5,5,5,3,4,53,1,6,1,0,4.5
116101,1,4,4,4,2,2,53,1,6,1,0,3.5
116102,0,5,4,4,3,4,51,0,6,1,0,4
116102,1,4,4,2,2,2,51,0,6,1,0,3
116401,0,3,3,3,3,4,54,1,12,1,1,3
116401,1,3,3,3,3,1,54,1,12,1,1,3
116402,0,3,3,3,3,4,53,0,12,1,1,3
116402,1,3,3,3,3,1,53,0,12,1,1,3
118502,0,5,4,4,2,4,49,0,12,1,1,3.75
118502,1,3,3,4,2,5,49,0,12,1,1,3
118601,0,4,4,4,3,6,55,1,12,1,1,3.75
118601,1,5,5,4,3,4,55,1,12,1,1,4.25
118801,0,5,4,4,3,4,49,1,9,0,1,4
118801,1,3,4,3,2,3,49,1,9,0,1,3
118901,0,2,3,2,2,4,47,1,18,1,1,2.25
118901,1,3,2,2,2,3,47,1,18,1,1,2.25
118902,0,2,5,2,2,4,47,0,16,1,1,2.75
118902,1,3,2,2,2,3,47,0,16,1,1,2.25
119801,0,4,4,4,3,3,54,0,12,0,1,3.75
119801,1,4,3,3,3,2,54,0,12,0,1,3.25
120401,0,2,3,3,3,4,50,1,12,1,1,2.75
120401,1,4,2,2,2,3,50,1,12,1,1,2.5
120402,0,2,3,4,2,4,48,0,12,1,1,2.75
120402,1,4,2,2,2,3,48,0,12,1,1,2.5
120801,0,5,4,3,3,4,48,1,12,1,1,3.75
120801,1,3,3,3,2,3,48,1,12,1,1,2.75
121402,0,4,3,3,3,3,53,0,12,1,1,3.25
121402,1,3,3,3,2,2,53,0,12,1,1,2.75
121501,0,3,4,3,2,3,59,1,12,1,0,3
121501,1,3,3,3,3,2,59,1,12,1,0,3
121502,0,3,4,4,2,3,55,0,9,1,1,3.25
121502,1,3,4,3,2,2,55,0,9,1,1,3
121701,0,5,5,5,1,3,46,0,16,0,0,4
121701,1,3,3,3,2,1,46,0,16,0,0,2.75
121901,0,4,4,4,3,4,45,1,12,1,1,3.75
121901,1,4,3,3,2,4,45,1,12,1,1,3
122601,0,4,3,2,2,2,58,1,6,1,1,2.75
122601,1,4,4,2,2,2,58,1,6,1,1,3
123301,0,4,4,3,2,4,46,1,9,1,0,3.25
123301,1,3,3,3,2,4,46,1,9,1,0,2.75
123801,0,3,3,3,3,5,49,1,18,1,1,3
123801,1,3,3,2,2,4,49,1,18,1,1,2.5
124001,0,3,3,3,2,5,56,1,20,1,1,2.75
124001,1,3,2,3,3,4,56,1,20,1,1,2.75
124202,0,4,3,3,2,4,48,0,12,1,1,3
124202,1,3,3,3,2,1,48,0,12,1,1,2.75
124501,0,5,5,3,3,4,50,1,9,1,1,4
124501,1,3,3,4,2,2,50,1,9,1,1,3
124801,0,4,3,3,2,5,55,1,6,1,1,3
124801,1,3,2,2,2,2,55,1,6,1,1,2.25
126001,0,3,2,3,2,3,52,1,9,1,1,2.5
126001,1,2,2,2,2,2,52,1,9,1,1,2
126701,0,4,4,4,3,5,48,1,16,1,0,3.75
126701,1,3,3,3,2,4,48,1,16,1,0,2.75
127201,0,3,2,2,2,1,48,0,16,0,1,2.25
127201,1,3,3,2,2,1,48,0,16,0,1,2.5
127603,0,4,4,4,2,7,49,0,9,1,1,3.5
127603,1,5,4,4,3,2,49,0,9,1,1,4
127801,0,5,4,3,3,3,58,0,9,1,1,3.75
127801,1,5,5,4,3,2,58,0,9,1,1,4.25
128501,0,4,3,3,2,4,53,1,18,1,1,3
128501,1,2,2,2,2,2,53,1,18,1,1,2
128702,0,5,3,3,3,3,55,0,12,1,1,3.5
128702,1,4,3,3,2,2,55,0,12,1,1,3
129001,0,5,4,3,2,4,49,1,18,1,1,3.5
129001,1,3,3,2,2,2,49,1,18,1,1,2.5
129501,0,3,4,3,3,3,47,1,12,1,1,3.25
129501,1,3,3,3,3,2,47,1,12,1,1,3
129601,0,5,4,3,2,4,46,0,14,0,0,3.5
129601,1,3,3,3,3,3,46,0,14,0,0,3
130001,0,3,4,4,1,4,54,1,16,1,0,3
130001,1,4,3,3,3,2,54,1,16,1,0,3.25
130401,0,4,3,3,1,4,47,1,16,1,1,2.75
130401,1,4,4,4,2,2,47,1,16,1,1,3.5
130501,0,5,4,4,2,1,47,0,12,0,0,3.75
130501,1,4,4,2,2,1,47,0,12,0,0,3
130801,0,2,3,3,2,4,46,1,12,1,1,2.5
130801,1,2,2,3,3,2,46,1,12,1,1,2.5
132301,0,3,3,2,2,3,53,1,12,1,1,2.5
132301,1,3,3,2,2,2,53,1,12,1,1,2.5
132302,0,3,3,2,2,3,54,0,6,1,1,2.5
132302,1,4,3,2,3,2,54,0,6,1,1,3
133001,0,3,3,3,3,4,55,1,12,1,1,3
133001,1,3,3,3,2,2,55,1,12,1,1,2.75
133501,0,3,3,3,2,4,53,1,9,1,1,2.75
133501,1,4,3,3,3,3,53,1,9,1,1,3.25
133802,0,3,4,4,3,3,54,0,9,1,1,3.5
133802,1,3,3,2,2,2,54,0,9,1,1,2.5
134001,0,3,4,3,2,4,49,1,6,1,1,3
134001,1,4,3,3,3,3,49,1,6,1,1,3.25
134102,0,3,4,3,3,3,57,0,6,1,1,3.25
134102,1,4,3,3,3,2,57,0,6,1,1,3.25
134601,0,3,3,3,3,3,52,0,9,0,1,3
134601,1,3,4,3,3,2,52,0,9,0,1,3.25
135201,0,4,4,3,2,4,47,1,9,1,0,3.25
135201,1,3,3,3,2,4,47,1,9,1,0,2.75
136001,0,3,4,2,2,4,50,1,12,1,1,2.75
136001,1,2,2,2,2,2,50,1,12,1,1,2
136201,0,4,4,3,1,3,46,1,9,1,1,3
136801,0,3,3,3,3,4,50,1,12,1,1,3
136801,1,3,2,2,2,3,50,1,12,1,1,2.25
137302,0,3,3,2,2,4,52,0,9,1,1,2.5
137302,1,3,3,2,3,2,52,0,9,1,1,2.75
138202,0,4,4,4,4,2,57,0,6,1,0,4
138202,1,3,4,4,4,3,57,0,6,1,0,3.75
138402,0,3,2,2,2,4,50,0,12,1,1,2.25
138402,1,3,2,2,2,2,50,0,12,1,1,2.25
140001,0,3,4,3,3,2,58,1,6,1,1,3.25
140001,1,3,3,2,3,2,58,1,6,1,1,2.75
140101,0,3,3,4,2,5,54,1,9,1,1,3
140101,1,3,2,3,2,3,54,1,9,1,1,2.5
140801,0,3,3,3,2,4,53,1,12,1,1,2.75
140801,1,3,2,2,2,2,53,1,12,1,1,2.25
140902,0,3,3,3,2,2,58,0,6,1,1,2.75
140902,1,3,3,3,3,1,58,0,6,1,1,3
141001,0,3,4,3,3,2,53,0,6,0,1,3.25
141001,1,3,3,3,3,2,53,0,6,0,1,3
141201,0,4,3,3,3,6,52,1,12,1,1,3.25
141201,1,3,3,3,3,5,52,1,12,1,1,3
141401,0,3,3,3,3,2,52,0,0,0,1,3
141401,1,3,3,3,3,1,52,0,0,0,1,3
141501,0,3,3,3,3,2,53,1,9,1,1,3
141501,1,3,4,3,3,2,53,1,9,1,1,3.25
141601,0,3,3,3,2,6,52,1,12,1,1,2.75
141601,1,3,2,2,2,4,52,1,12,1,1,2.25
141701,0,3,3,2,2,4,46,1,9,1,1,2.5
141701,1,4,3,3,3,2,46,1,9,1,1,3.25
141702,0,3,3,2,2,4,47,0,9,1,1,2.5
141702,1,4,3,3,3,2,47,0,9,1,1,3.25
142502,0,3,4,3,3,3,51,0,6,1,1,3.25
142502,1,3,3,3,2,2,51,0,6,1,1,2.75
143002,0,2,2,2,2,3,58,0,0,1,1,2
143002,1,3,2,2,2,2,58,0,0,1,1,2.25
143301,0,3,3,3,2,4,46,1,12,1,1,2.75
143301,1,3,2,2,2,3,46,1,12,1,1,2.25
143401,0,5,5,5,3,5,46,1,12,1,0,4.5
143401,1,3,3,3,2,4,46,1,12,1,0,2.75
143501,0,3,3,3,3,5,53,1,12,1,1,3
143502,0,3,3,3,2,5,47,0,12,1,1,2.75
143502,1,3,3,3,2,3,47,0,12,1,1,2.75
143801,0,5,4,4,4,2,57,1,6,0,0,4.25
143801,1,4,3,3,3,2,57,1,6,0,0,3.25
144801,0,4,4,3,2,4,47,1,12,1,1,3.25
144801,1,3,2,3,2,3,47,1,12,1,1,2.5
145101,0,4,4,3,3,4,47,1,9,1,1,3.5
145101,1,3,3,3,3,4,47,1,9,1,1,3
145901,0,4,4,2,2,2,59,1,6,0,1,3
145901,1,5,4,2,3,1,59,1,6,0,1,3.5
146401,0,4,4,2,2,4,45,1,9,1,1,3
146401,1,3,3,3,2,2,45,1,9,1,1,2.75
147001,0,4,4,3,2,4,54,1,9,1,0,3.25
147001,1,3,2,2,2,4,54,1,9,1,0,2.25
147101,0,4,4,4,2,4,45,1,9,1,1,3.5
147101,1,3,3,3,2,3,45,1,9,1,1,2.75
147501,0,4,4,3,3,3,52,1,9,0,1,3.5
147501,1,3,2,3,2,2,52,1,9,0,1,2.5
148001,0,3,4,3,3,4,52,1,9,1,1,3.25
148001,1,3,3,3,2,3,52,1,9,1,1,2.75
148002,0,3,4,3,3,4,46,0,9,1,0,3.25
148002,1,3,3,3,2,3,46,0,9,1,0,2.75
148501,0,3,4,3,2,4,47,1,9,1,1,3
148501,1,3,3,4,3,2,47,1,9,1,1,3.25
148601,0,5,5,3,3,3,48,1,9,1,1,4
148601,1,3,3,3,3,2,48,1,9,1,1,3
148702,0,3,3,4,2,3,50,0,9,1,1,3
148702,1,3,2,2,2,3,50,0,9,1,1,2.25
149001,0,5,5,3,4,5,54,1,12,1,0,4.25
149001,1,3,2,2,2,2,54,1,12,1,0,2.25
149501,0,4,2,2,2,6,51,1,12,1,1,2.5
149501,1,3,2,2,2,3,51,1,12,1,1,2.25
149601,0,5,3,2,2,6,49,1,9,1,1,3
149601,1,3,3,2,2,2,49,1,9,1,1,2.5
149602,0,5,4,2,2,6,46,0,6,1,0,3.25
149602,1,3,3,2,2,2,46,0,6,1,0,2.5
150201,0,3,3,3,2,3,49,1,9,1,1,2.75
150201,1,3,2,2,2,3,49,1,9,1,1,2.25
151401,0,4,5,4,3,4,59,1,16,1,1,4
151401,1,3,3,3,2,2,59,1,16,1,1,2.75
151501,0,4,3,3,2,5,54,1,12,1,1,3
151501,1,3,3,3,2,2,54,1,12,1,1,2.75
151502,0,4,3,3,2,5,53,0,12,1,1,3
151502,1,3,3,3,2,2,53,0,12,1,1,2.75
152702,0,3,3,3,2,3,58,0,9,1,1,2.75
152702,1,3,3,3,2,3,58,0,9,1,1,2.75
153101,0,3,3,3,2,7,55,1,16,1,1,2.75
153101,1,4,3,3,2,2,55,1,16,1,1,3
153301,0,3,3,3,2,4,51,1,16,1,1,2.75
153301,1,3,3,3,2,2,51,1,16,1,1,2.75
153401,0,4,4,4,3,4,48,1,12,1,1,3.75
153401,1,5,4,4,3,2,48,1,12,1,1,4
153601,0,5,5,4,2,4,53,1,6,1,1,4
153601,1,3,3,3,2,2,53,1,6,1,1,2.75
153602,0,5,5,4,2,4,48,0,6,1,0,4
153602,1,3,3,3,2,2,48,0,6,1,0,2.75
154401,0,3,3,3,2,5,47,1,12,1,1,2.75
154401,1,3,3,3,2,3,47,1,12,1,1,2.75
155101,0,3,3,2,3,3,46,1,12,1,1,2.75
155101,1,3,3,4,2,3,46,1,12,1,1,3
155501,0,4,4,4,3,4,46,1,12,1,0,3.75
155501,1,2,3,3,2,4,46,1,12,1,0,2.5
155802,0,3,3,3,3,5,56,1,16,1,1,3
155802,1,2,2,2,2,2,56,1,16,1,1,2
155803,0,3,2,2,3,5,50,0,16,1,1,2.5
155803,1,2,2,2,2,2,50,0,16,1,1,2
157001,0,4,4,4,3,5,45,1,9,1,0,3.75
157001,1,3,3,3,2,3,45,1,9,1,0,2.75
157701,0,4,4,4,3,4,47,1,6,1,0,3.75
157701,1,3,3,4,3,3,47,1,6,1,0,3.25
157702,0,4,4,3,3,4,47,0,6,1,0,3.5
157702,1,3,3,4,3,3,47,0,6,1,0,3.25
158301,0,4,3,3,2,4,47,1,12,1,1,3
158301,1,3,3,3,2,2,47,1,12,1,1,2.75
158501,0,3,3,3,2,2,56,1,6,0,1,2.75
158501,1,3,3,3,2,1,56,1,6,0,1,2.75
159601,0,4,2,3,2,4,56,1,12,1,1,2.75
159601,1,4,3,2,2,2,56,1,12,1,1,2.75
159602,0,4,4,4,2,4,46,0,6,1,0,3.5
159602,1,4,3,2,2,2,46,0,6,1,0,2.75
159802,0,4,4,3,3,4,49,0,12,1,1,3.5
159802,1,3,3,3,3,1,49,0,12,1,1,3
159901,0,3,2,2,2,5,49,1,12,1,1,2.25
159901,1,4,3,2,2,2,49,1,12,1,1,2.75
160201,0,4,3,3,2,4,53,0,12,0,1,3
160201,1,3,2,2,2,3,53,0,12,0,1,2.25
160301,0,4,3,4,2,2,51,1,9,1,0,3.25
160301,1,3,3,3,2,2,51,1,9,1,0,2.75
160302,0,4,3,2,3,2,51,0,6,1,1,3
160302,1,3,3,3,2,2,51,0,6,1,1,2.75
160401,0,3,4,3,3,5,53,1,9,1,1,3.25
160401,1,4,3,3,3,4,53,1,9,1,1,3.25
160402,0,3,4,3,3,5,54,0,9,1,1,3.25
160402,1,4,4,4,3,4,54,0,9,1,1,3.75
160501,0,3,2,3,2,6,54,1,9,1,1,2.5
160501,1,3,3,3,3,4,54,1,9,1,1,3
160502,0,3,3,2,2,6,47,0,6,1,1,2.5
160502,1,3,3,3,3,4,47,0,6,1,1,3
160601,0,4,3,2,3,4,48,1,12,1,1,3
160601,1,3,2,2,2,3,48,1,12,1,1,2.25
160701,0,5,4,3,4,3,46,1,12,0,0,4
160701,1,3,2,2,3,1,46,1,12,0,0,2.5
160801,0,4,3,3,2,4,51,1,9,1,1,3
160801,1,5,5,4,2,4,51,1,9,1,1,4
161101,0,3,3,4,2,1,46,0,12,0,1,3
161101,1,5,3,3,3,2,46,0,12,0,1,3.5
161902,0,3,3,2,2,2,49,0,9,1,1,2.5
161902,1,2,3,3,3,2,49,0,9,1,1,2.75
162101,0,5,3,2,2,3,50,1,9,1,1,3
162101,1,3,3,3,3,3,50,1,9,1,1,3
162202,0,3,3,2,2,5,48,0,6,1,0,2.5
162202,1,3,3,3,3,3,48,0,6,1,0,3
162602,0,4,3,2,4,5,46,1,6,1,1,3.25
162602,1,5,3,3,3,5,46,1,6,1,1,3.5
162603,0,4,4,2,2,5,46,0,9,1,0,3
162603,1,5,4,4,3,5,46,0,9,1,0,4
163102,0,4,4,3,2,4,46,0,6,1,1,3.25
163102,1,3,3,3,3,2,46,0,6,1,1,3
163803,0,3,3,2,3,6,47,1,9,1,1,2.75
163803,1,3,3,3,3,3,47,1,9,1,1,3
163901,0,3,3,3,3,6,53,1,9,1,1,3
163901,1,3,3,3,3,4,53,1,9,1,1,3
163902,0,3,3,3,2,6,45,0,9,1,0,2.75
163902,1,3,3,3,3,4,45,0,9,1,0,3
164001,0,5,4,3,3,2,57,1,6,0,0,3.75
164001,1,5,3,3,3,1,57,1,6,0,0,3.5
164401,0,4,4,2,3,3,57,1,9,1,1,3.25
164401,1,2,3,3,3,1,57,1,9,1,1,2.75
164701,0,3,3,3,2,5,49,1,16,1,1,2.75
164701,1,3,2,2,2,4,49,1,16,1,1,2.25
164901,0,4,5,4,3,3,58,1,9,1,1,4
164901,1,3,3,3,3,2,58,1,9,1,1,3
164902,0,4,5,4,3,3,53,0,9,1,1,4
164902,1,3,3,3,3,2,53,0,9,1,1,3
165502,0,3,3,3,2,3,54,0,12,1,1,2.75
165502,1,3,3,3,3,1,54,0,12,1,1,3
166401,0,3,3,3,2,4,54,1,9,1,1,2.75
166401,1,3,3,3,2,3,54,1,9,1,1,2.75
166402,0,3,3,2,2,4,53,0,6,1,0,2.5
166402,1,3,3,3,2,3,53,0,6,1,0,2.75
166701,0,3,3,3,2,4,45,1,9,1,0,2.75
166701,1,3,3,3,2,2,45,1,9,1,0,2.75
166801,0,3,2,2,2,4,50,1,16,1,1,2.25
166801,1,3,2,1,1,2,50,1,16,1,1,1.75
166901,0,3,3,3,3,6,58,1,12,1,1,3
166901,1,3,2,2,2,2,58,1,12,1,1,2.25
166902,0,3,2,2,2,6,56,0,9,1,1,2.25
166902,1,3,2,2,2,2,56,0,9,1,1,2.25
167101,0,3,2,2,2,5,48,1,12,1,1,2.25
167101,1,3,2,3,2,3,48,1,12,1,1,2.5
167201,0,3,3,2,2,4,49,1,12,1,1,2.5
167201,1,3,2,3,3,2,49,1,12,1,1,2.75
167401,0,4,4,3,3,5,45,1,9,1,1,3.5
167401,1,3,3,3,2,4,45,1,9,1,1,2.75
167601,0,2,3,2,2,4,52,0,6,1,1,2.25
167601,1,3,2,2,2,2,52,0,6,1,1,2.25
167602,0,2,2,3,2,4,58,1,9,1,1,2.25
167602,1,3,2,2,2,2,58,1,9,1,1,2.25
167701,0,4,4,3,3,5,47,1,9,1,1,3.5
167701,1,4,3,4,2,3,47,1,9,1,1,3.25
167801,0,5,4,4,2,2,58,0,6,0,1,3.75
167801,1,3,3,3,3,1,58,0,6,0,1,3
168201,0,4,4,3,3,4,45,1,6,1,1,3.5
168201,1,5,5,3,4,1,45,1,6,1,1,4.25
168901,0,5,4,3,3,5,56,1,9,1,1,3.75
168901,1,3,3,3,3,3,56,1,9,1,1,3
168902,0,5,4,3,3,5,52,0,0,1,1,3.75
168902,1,3,3,3,3,3,52,0,0,1,1,3
169901,0,4,4,4,3,4,46,1,9,1,0,3.75
169901,1,3,3,3,3,2,46,1,9,1,0,3
170401,0,2,3,2,2,4,47,1,9,1,1,2.25
170401,1,3,3,3,3,2,47,1,9,1,1,3
170601,0,4,4,4,3,1,50,0,6,0,0,3.75
170601,1,3,4,4,3,1,50,0,6,0,0,3.5
170801,0,4,4,2,2,4,50,1,9,1,1,3
170801,1,3,4,3,3,2,50,1,9,1,1,3.25
171001,0,4,3,2,2,4,51,1,12,1,1,2.75
171001,1,3,3,3,2,4,51,1,12,1,1,2.75
171601,0,3,4,3,3,1,49,1,9,0,0,3.25
171601,1,5,4,3,3,1,49,1,9,0,0,3.75
171801,0,2,2,2,2,4,45,1,9,1,1,2
171801,1,3,3,2,2,3,45,1,9,1,1,2.5
171802,0,2,2,3,2,4,45,0,9,1,1,2.25
171802,1,3,3,2,2,3,45,0,9,1,1,2.5
172501,0,5,4,4,3,5,51,1,12,1,0,4
172501,1,3,3,3,3,3,51,1,12,1,0,3
172502,0,5,4,4,2,5,48,0,6,1,0,3.75
172502,1,3,3,3,3,3,48,0,6,1,0,3
173702,0,3,3,3,2,3,49,0,9,1,1,2.75
173702,1,3,3,2,3,1,49,0,9,1,1,2.75
173901,0,4,3,2,2,4,47,1,12,1,1,2.75
173901,1,3,3,2,2,2,47,1,12,1,1,2.5
173902,0,4,3,3,2,4,45,0,12,1,1,3
173902,1,3,3,2,2,2,45,0,12,1,1,2.5
174201,0,5,4,4,3,5,49,0,12,1,0,4
174201,1,3,2,2,2,5,49,0,12,1,0,2.25
174203,0,5,4,4,3,5,53,1,12,1,0,4
174203,1,3,3,2,2,5,53,1,12,1,0,2.5
174401,0,5,5,4,2,4,53,1,6,1,0,4
174401,1,3,4,3,3,2,53,1,6,1,0,3.25
174402,0,5,5,4,2,4,47,0,6,1,0,4
174402,1,3,4,3,3,2,47,0,6,1,0,3.25
175102,0,5,5,2,2,7,49,1,9,1,0,3.5
175102,1,5,4,2,2,4,49,1,9,1,0,3.25
175103,0,5,4,4,3,7,47,0,9,1,1,4
175103,1,5,5,2,2,4,47,0,9,1,1,3.5
175201,0,5,2,3,2,1,56,0,6,0,0,3
175201,1,4,4,2,2,1,56,0,6,0,0,3
175401,0,3,4,3,2,3,48,1,9,1,1,3
175401,1,2,3,3,2,3,48,1,9,1,1,2.5
175501,0,4,4,3,2,5,53,1,9,1,1,3.25
175501,1,3,3,3,2,2,53,1,9,1,1,2.75
176001,0,3,4,3,2,4,51,1,12,1,1,3
176001,1,3,3,3,2,2,51,1,12,1,1,2.75
177903,0,3,3,3,2,5,48,1,9,1,1,2.75
177903,1,4,3,3,2,3,48,1,9,1,1,3
178101,0,3,3,3,2,2,59,1,16,1,1,2.75
178101,1,3,3,2,2,2,59,1,16,1,1,2.5
178102,0,3,3,3,2,2,55,0,9,1,1,2.75
178102,1,3,3,3,2,2,55,0,9,1,1,2.75
178301,0,4,3,5,3,4,48,0,16,0,0,3.75
178301,1,3,2,3,2,2,48,0,16,0,0,2.5
178401,0,3,2,2,2,4,49,1,16,1,1,2.25
178401,1,3,3,1,1,4,49,1,16,1,1,2
178802,0,3,2,2,2,3,55,0,16,1,1,2.25
178802,1,1,3,3,3,2,55,0,16,1,1,2.5
179301,0,4,4,2,2,4,51,1,9,1,1,3
179301,1,4,3,5,4,2,51,1,9,1,1,4
179801,0,3,2,3,2,4,54,1,12,1,1,2.5
179801,1,3,3,3,2,2,54,1,12,1,1,2.75
180401,0,4,4,2,3,1,54,0,0,0,1,3.25
180401,1,5,4,3,4,1,54,0,0,0,1,4
180501,0,5,5,4,3,4,47,0,6,0,0,4.25
180501,1,3,3,2,3,1,47,0,6,0,0,2.75
181301,0,4,3,2,2,4,53,1,6,1,0,2.75
181302,0,4,3,3,3,4,47,0,0,1,1,3.25
181302,1,3,3,4,2,2,47,0,0,1,1,3
182601,0,3,3,3,2,3,48,1,12,1,1,2.75
182601,1,3,2,2,2,3,48,1,12,1,1,2.25
183202,0,4,4,4,2,4,58,0,6,1,1,3.5
183202,1,3,2,3,3,2,58,0,6,1,1,2.75
184501,0,4,4,3,3,3,49,1,6,1,1,3.5
184501,1,4,3,3,3,2,49,1,6,1,1,3.25
184701,0,4,4,3,3,4,47,1,9,1,1,3.5
184701,1,3,3,3,3,2,47,1,9,1,1,3
185202,0,5,4,4,2,3,59,0,6,1,0,3.75
185202,1,4,4,4,3,1,59,0,6,1,0,3.75
185301,0,3,3,4,3,5,48,1,9,1,1,3.25
185301,1,3,3,3,2,3,48,1,9,1,1,2.75
185302,0,3,4,4,3,5,51,0,6,1,1,3.5
185302,1,3,2,2,2,3,51,0,6,1,1,2.25
185402,0,5,5,4,2,5,50,0,9,1,0,4
185402,1,4,4,4,3,2,50,0,9,1,0,3.75
185501,0,4,5,4,3,3,57,0,6,1,0,4
185501,1,5,4,4,3,1,57,0,6,1,0,4
185701,0,4,4,4,3,3,55,1,6,1,0,3.75
185701,1,3,3,3,3,1,55,1,6,1,0,3
186001,0,4,4,4,3,2,55,0,6,0,1,3.75
186001,1,4,4,3,3,2,55,0,6,0,1,3.5
186701,0,4,4,4,2,5,45,1,12,1,1,3.5
186701,1,2,2,2,2,2,45,1,12,1,1,2
186801,0,5,4,3,2,4,46,1,12,1,0,3.5
186801,1,4,3,3,2,2,46,1,12,1,0,3
186802,0,5,4,3,3,4,45,0,9,1,0,3.75
186802,1,4,3,3,2,2,45,0,9,1,0,3
187501,0,5,4,3,3,5,57,1,9,1,1,3.75
187501,1,2,2,2,2,3,57,1,9,1,1,2
187601,0,5,4,4,3,3,52,1,12,1,0,4
187601,1,4,3,3,3,2,52,1,12,1,0,3.25
187702,0,3,4,4,3,3,59,0,9,1,0,3.5
187702,1,4,4,4,3,2,59,0,9,1,0,3.75
188203,0,4,4,3,2,5,51,1,6,1,0,3.25
188203,1,3,3,3,1,2,51,1,6,1,0,2.5
188204,0,4,4,4,2,5,48,0,6,1,1,3.5
188204,1,3,3,3,1,2,48,0,6,1,1,2.5
188701,0,3,3,3,2,4,53,1,6,1,0,2.75
188701,1,4,3,3,2,3,53,1,6,1,0,3
188702,0,3,4,4,2,4,51,0,6,1,1,3.25
188702,1,4,3,3,2,3,51,0,6,1,1,3
189101,0,4,4,3,2,3,55,1,9,1,0,3.25
189101,1,4,4,4,4,2,55,1,9,1,0,4
189102,0,4,4,4,3,3,51,0,6,1,0,3.75
189102,1,3,2,2,2,1,51,0,6,1,0,2.25
189702,0,2,3,3,2,4,54,1,9,1,1,2.5
189702,1,2,2,2,2,2,54,1,9,1,1,2
189901,0,4,3,3,2,4,49,1,12,1,1,3
189901,1,4,3,3,2,2,49,1,12,1,1,3
190301,0,5,4,4,4,3,47,1,9,0,0,4.25
190301,1,3,3,2,3,1,47,1,9,0,0,2.75
190501,0,5,4,3,4,3,50,1,6,0,1,4
190501,1,5,4,4,3,2,50,1,6,0,1,4
190901,0,5,4,4,2,4,53,1,9,1,0,3.75
190901,1,5,4,3,3,2,53,1,9,1,0,3.75
190902,0,5,4,4,2,4,52,0,6,1,0,3.75
190902,1,5,4,3,2,2,52,0,6,1,0,3.5
191702,0,5,2,3,2,5,48,1,12,1,0,3
191702,1,3,3,3,2,3,48,1,12,1,0,2.75
192801,0,4,4,4,3,3,45,0,9,0,0,3.75
192801,1,5,5,4,3,1,45,0,9,0,0,4.25
193001,0,3,4,4,2,4,56,1,12,1,0,3.25
193001,1,3,3,2,2,2,56,1,12,1,0,2.5
193002,0,3,3,4,3,4,51,0,6,1,0,3.25
193002,1,3,3,2,2,2,51,0,6,1,0,2.5
193202,0,3,4,4,3,4,48,0,6,1,0,3.5
193202,1,4,4,4,3,2,48,0,6,1,0,3.75
193501,0,4,4,4,3,2,51,1,6,1,0,3.75
193501,1,2,2,2,2,1,51,1,6,1,0,2
193801,0,5,4,3,3,3,46,1,12,1,0,3.75
193801,1,3,1,1,1,2,46,1,12,1,0,1.5
194001,0,3,3,3,2,5,59,1,9,1,1,2.75
194001,1,4,4,3,3,2,59,1,9,1,1,3.5
194902,0,5,5,4,3,4,56,1,9,1,0,4.25
194902,1,4,4,4,3,2,56,1,9,1,0,3.75
194903,0,5,5,4,3,4,49,0,6,1,0,4.25
194903,1,4,4,4,3,2,49,0,6,1,0,3.75
195001,0,3,3,3,3,4,51,1,12,1,1,3
195001,1,3,3,4,3,3,51,1,12,1,1,3.25
195002,0,3,3,3,3,4,45,0,12,1,1,3
195002,1,3,3,3,3,3,45,0,12,1,1,3
195501,0,5,5,3,3,6,48,1,6,1,0,4
195503,0,5,5,5,4,6,46,0,6,1,0,4.75
195503,1,3,2,2,2,2,46,0,6,1,0,2.25
197201,0,3,2,3,2,4,56,1,12,1,1,2.5
197201,1,3,3,3,2,2,56,1,12,1,1,2.75
197901,0,4,4,4,2,3,57,1,12,1,1,3.5
197901,1,3,3,2,2,2,57,1,12,1,1,2.5
197902,0,4,4,4,2,3,55,0,6,1,0,3.5
197902,1,3,2,2,2,2,55,0,6,1,0,2.25
200101,0,4,4,4,2,4,52,0,6,0,1,3.5
200101,1,3,3,4,2,2,52,0,6,0,1,3
201201,0,3,4,2,2,3,47,1,12,1,1,2.75
201201,1,3,4,2,3,2,47,1,12,1,1,3
201501,0,5,5,4,2,3,56,0,0,0,0,4
201501,1,4,5,3,4,1,56,0,0,0,0,4
201801,0,3,2,2,2,4,49,1,12,1,1,2.25
201801,1,3,3,3,2,2,49,1,12,1,1,2.75
202201,0,4,5,5,2,4,49,1,6,1,0,4
202201,1,3,3,3,3,2,49,1,6,1,0,3
202401,0,3,3,3,3,3,52,1,6,0,0,3
202401,1,3,3,2,2,2,52,1,6,0,0,2.5
202501,0,4,4,4,2,4,46,1,9,1,1,3.5
202501,1,3,3,4,2,4,46,1,9,1,1,3
203601,0,3,3,2,2,4,50,1,9,1,0,2.5
203601,1,2,2,3,2,2,50,1,9,1,0,2.25
204701,0,4,4,4,3,3,57,1,16,1,1,3.75
204701,1,3,3,3,2,2,57,1,16,1,1,2.75
205901,0,4,4,3,2,4,47,1,16,1,1,3.25
205901,1,3,3,3,2,2,47,1,16,1,1,2.75
208601,0,4,2,3,2,4,52,1,12,0,1,2.75
208601,1,4,3,3,2,3,52,1,12,0,1,3
209401,0,3,3,2,2,3,46,0,12,0,1,2.5
209401,1,2,2,2,2,1,46,0,12,0,1,2
210002,0,4,5,4,3,4,46,0,9,1,0,4
210002,1,3,3,3,3,1,46,0,9,1,0,3
210301,0,4,4,4,3,4,52,0,6,0,0,3.75
210301,1,5,3,3,3,1,52,0,6,0,0,3.5
211201,0,4,4,4,2,3,57,1,12,1,1,3.5
211201,1,3,3,3,3,2,57,1,12,1,1,3
211202,0,4,4,4,2,3,54,0,6,1,0,3.5
211202,1,3,2,2,3,2,54,0,6,1,0,2.5
211901,0,4,4,4,3,3,51,1,9,1,0,3.75
211901,1,5,3,3,3,2,51,1,9,1,0,3.5
212401,0,2,2,2,1,4,54,1,12,1,1,1.75
212401,1,2,2,2,2,3,54,1,12,1,1,2
212402,0,2,2,3,1,4,54,0,6,1,1,2
212402,1,2,2,2,2,3,54,0,6,1,1,2
213102,0,3,4,3,3,2,54,0,6,1,1,3.25
213102,1,3,3,2,2,2,54,0,6,1,1,2.5
213202,0,2,2,3,2,5,51,1,16,1,1,2.25
213202,1,3,3,2,2,4,51,1,16,1,1,2.5
213801,0,3,3,3,2,4,48,1,6,1,1,2.75
213801,1,3,3,3,2,1,48,1,6,1,1,2.75
213802,0,3,3,3,2,4,45,0,6,1,1,2.75
213802,1,3,4,2,2,2,45,0,6,1,1,2.75
213902,0,4,3,3,2,3,45,0,6,0,0,3
213902,1,3,4,3,2,2,45,0,6,0,0,3
214101,0,3,3,4,2,5,50,1,12,1,1,3
214101,1,3,3,2,2,3,50,1,12,1,1,2.5
214102,0,3,4,4,1,5,47,0,9,1,1,3
214102,1,3,3,2,2,3,47,0,9,1,1,2.5
215201,0,5,4,4,3,3,45,0,9,0,0,4
215201,1,5,4,4,3,1,45,0,9,0,0,4
216101,0,4,3,3,2,4,52,1,6,1,0,3
216101,1,2,3,3,3,3,52,1,6,1,0,2.75
216102,0,4,4,4,2,4,46,0,6,1,1,3.5
216102,1,2,3,3,3,3,46,0,6,1,1,2.75
216301,0,3,4,3,3,4,49,1,9,1,0,3.25
216301,1,3,2,2,2,2,49,1,9,1,0,2.25
216502,0,3,4,3,3,3,58,0,6,1,1,3.25
216502,1,3,3,2,2,1,58,0,6,1,1,2.5
216801,0,3,3,3,2,3,48,1,12,1,1,2.75
216801,1,3,4,2,3,1,48,1,12,1,1,3
216901,0,3,3,3,3,2,51,0,6,0,0,3
216901,1,3,3,3,3,1,51,0,6,0,0,3
217101,0,4,4,3,2,4,58,1,9,1,0,3.25
217101,1,3,2,3,2,2,58,1,9,1,0,2.5
217201,0,3,3,3,2,3,56,0,12,0,0,2.75
217201,1,4,4,3,3,1,56,0,12,0,0,3.5
218201,0,3,4,4,3,4,51,1,6,0,0,3.5
218201,1,3,2,2,2,5,51,1,6,0,0,2.25
219201,0,4,4,3,3,3,46,1,12,1,1,3.5
219201,1,3,3,3,3,2,46,1,12,1,1,3
219301,0,3,3,3,2,3,58,1,12,1,1,2.75
219301,1,4,4,3,3,3,58,1,12,1,1,3.5
220401,0,4,3,3,2,4,46,1,12,1,1,3
220401,1,4,3,3,3,4,46,1,12,1,1,3.25
220901,0,3,3,3,3,3,55,0,9,1,1,3
220901,1,3,4,3,3,1,55,0,9,1,1,3.25
221203,0,3,3,4,3,5,54,1,16,1,1,3.25
221203,1,3,4,3,2,2,54,1,16,1,1,3
221601,0,4,3,3,2,3,50,1,12,1,1,3
221601,1,3,3,2,2,2,50,1,12,1,1,2.5
222401,0,4,3,3,2,4,49,0,9,1,1,3
222401,1,3,3,2,3,3,49,0,9,1,1,2.75
222402,0,4,3,3,2,4,52,1,12,1,1,3
222402,1,3,3,3,3,3,52,1,12,1,1,3
222501,0,3,3,3,2,2,48,1,14,1,1,2.75
222501,1,3,3,2,3,1,48,1,14,1,1,2.75
222801,0,4,4,3,3,4,47,1,9,1,1,3.5
222801,1,4,4,3,2,3,47,1,9,1,1,3.25
223701,0,4,4,3,2,4,52,1,12,1,0,3.25
223701,1,3,3,3,2,2,52,1,12,1,0,2.75
224002,0,3,3,3,2,6,50,0,12,1,1,2.75
224002,1,3,3,3,2,2,50,0,12,1,1,2.75
224401,0,4,4,4,2,3,59,1,6,1,0,3.5
224401,1,5,4,3,2,2,59,1,6,1,0,3.5
225401,0,4,4,4,2,2,58,1,12,0,1,3.5
225401,1,4,4,3,2,1,58,1,12,0,1,3.25
227302,0,5,4,4,3,2,56,0,6,1,0,4
227302,1,3,3,3,3,1,56,0,6,1,0,3
227401,0,3,4,4,3,5,48,1,6,1,1,3.5
227401,1,4,4,4,2,2,48,1,6,1,1,3.5
227902,0,3,4,4,3,4,55,0,16,1,1,3.5
227902,1,3,3,3,3,2,55,0,16,1,1,3
229901,0,5,3,3,3,4,48,1,6,1,1,3.5
229901,1,4,4,3,3,2,48,1,6,1,1,3.5
230401,0,4,4,3,2,4,46,1,12,1,0,3.25
230401,1,3,4,3,2,2,46,1,12,1,0,3
230501,0,5,4,4,2,4,46,1,9,1,0,3.75
230501,1,4,4,3,2,3,46,1,9,1,0,3.25
230701,0,4,4,4,4,4,49,1,6,1,1,4
230701,1,2,3,2,2,2,49,1,6,1,1,2.25
231002,0,5,4,4,2,3,49,0,9,1,0,3.75
231002,1,3,3,2,2,2,49,0,9,1,0,2.5
233001,0,4,3,3,2,5,49,1,12,1,0,3
233001,1,3,4,3,2,4,49,1,12,1,0,3
233002,0,4,3,3,2,5,49,0,12,1,0,3
233002,1,3,3,2,2,4,49,0,12,1,0,2.5
233601,0,2,3,2,2,4,53,1,12,1,0,2.25
233601,1,3,3,2,3,3,53,1,12,1,0,2.75
233602,0,2,3,3,2,4,47,0,6,1,0,2.5
233602,1,3,3,2,2,3,47,0,6,1,0,2.5
234101,0,4,3,3,2,4,58,1,6,1,0,3
234101,1,3,3,2,2,2,58,1,6,1,0,2.5
234602,0,3,3,2,2,4,48,0,12,1,1,2.5
234602,1,3,3,3,3,3,48,0,12,1,1,3
234703,0,3,3,3,3,4,58,0,6,1,0,3
234703,1,3,3,3,3,1,58,0,6,1,0,3
234901,0,2,3,3,2,4,48,1,12,1,1,2.5
234901,1,3,3,2,2,2,48,1,12,1,1,2.5
235002,0,3,3,3,2,4,52,0,6,1,1,2.75
235002,1,3,3,2,2,3,52,0,6,1,1,2.5
235401,0,3,3,2,2,4,46,1,16,1,1,2.5
235401,1,3,4,3,2,4,46,1,16,1,1,3
235801,0,3,4,3,2,5,50,1,12,1,1,3
235801,1,3,3,2,3,2,50,1,12,1,1,2.75
236301,0,3,3,3,2,4,45,1,6,1,1,2.75
236301,1,3,3,3,3,5,45,1,6,1,1,3
236401,0,4,3,3,2,3,50,1,16,1,0,3
236401,1,3,3,3,3,3,50,1,16,1,0,3
236402,0,4,3,4,2,3,49,0,16,1,0,3.25
236402,1,3,3,3,3,3,49,0,16,1,0,3
236502,0,4,4,3,3,5,45,1,6,0,0,3.5
236502,1,3,3,3,3,5,45,1,6,0,0,3
236801,0,4,3,3,2,3,56,0,6,0,0,3
236801,1,3,3,3,2,1,56,0,6,0,0,2.75
236902,0,4,3,3,2,3,53,0,6,1,1,3
236902,1,3,3,3,3,1,53,0,6,1,1,3
237201,0,3,3,4,2,3,55,1,9,1,1,3
237201,1,2,3,2,2,2,55,1,9,1,1,2.25
237202,0,3,3,3,2,3,52,0,9,1,1,2.75
237202,1,2,3,2,2,2,52,0,9,1,1,2.25
237801,0,4,3,3,2,5,50,1,12,1,1,3
237801,1,3,3,3,3,2,50,1,12,1,1,3
237901,0,3,3,2,2,5,45,1,16,1,0,2.5
237901,1,3,3,2,2,3,45,1,16,1,0,2.5
238001,0,3,3,2,2,4,52,1,12,1,1,2.5
238001,1,3,3,3,3,2,52,1,12,1,1,3
238002,0,3,3,3,2,4,53,0,12,1,1,2.75
238002,1,3,3,3,3,2,53,0,12,1,1,3
238101,0,3,3,2,2,5,49,1,12,1,1,2.5
238101,1,3,3,2,2,3,49,1,12,1,1,2.5
238201,0,3,2,2,2,4,56,1,9,1,1,2.25
238201,1,2,2,2,2,3,56,1,9,1,1,2
238202,0,3,2,2,2,4,52,0,9,1,1,2.25
238202,1,2,2,2,2,3,52,0,9,1,1,2
238801,0,3,3,3,2,4,55,1,12,1,1,2.75
238801,1,3,3,3,2,2,55,1,12,1,1,2.75
238901,0,3,3,3,2,5,49,1,12,1,1,2.75
238901,1,4,3,2,2,2,49,1,12,1,1,2.75
239001,0,5,4,4,3,4,46,1,9,1,0,4
239001,1,3,2,2,2,3,46,1,9,1,0,2.25
239102,0,3,3,2,2,4,48,0,6,1,1,2.5
239102,1,2,2,3,2,3,48,0,6,1,1,2.25
239901,0,5,4,4,3,4,47,1,12,1,0,4
239901,1,4,3,3,2,4,47,1,12,1,0,3
240801,0,5,4,4,2,4,45,1,12,1,0,3.75
240801,1,3,3,2,2,2,45,1,12,1,0,2.5
241001,0,4,4,4,3,4,49,1,9,1,0,3.75
241001,1,4,3,3,3,3,49,1,9,1,0,3.25
241002,0,4,3,3,2,4,47,0,9,1,1,3
241002,1,4,3,2,3,3,47,0,9,1,1,3
241401,0,5,4,4,2,4,54,1,12,1,0,3.75
241401,1,3,3,2,2,3,54,1,12,1,0,2.5
242103,0,5,4,4,2,7,48,0,9,1,1,3.75
242103,1,3,4,3,2,3,48,0,9,1,1,3
242401,0,3,4,4,2,4,48,1,12,1,1,3.25
242401,1,3,2,2,2,1,48,1,12,1,1,2.25
242501,0,5,4,4,3,6,48,1,9,1,0,4
242501,1,3,3,2,2,1,48,1,9,1,0,2.5
242601,0,5,4,4,3,4,52,1,9,1,0,4
242601,1,3,3,2,2,3,52,1,9,1,0,2.5
243802,0,4,4,4,3,4,52,0,6,1,0,3.75
243802,1,3,3,2,2,2,52,0,6,1,0,2.5
244101,0,3,4,4,3,4,51,1,12,1,0,3.5
244101,1,3,3,2,2,3,51,1,12,1,0,2.5
244102,0,3,4,4,3,4,47,0,12,1,0,3.5
244102,1,3,2,2,2,3,47,0,12,1,0,2.25
244201,0,4,4,4,3,5,46,1,6,1,1,3.75
244201,1,3,3,2,2,4,46,1,6,1,1,2.5
245101,0,4,4,4,2,4,46,1,12,1,0,3.5
245101,1,4,4,3,2,3,46,1,12,1,0,3.25
245701,0,5,4,4,3,3,46,0,9,0,0,4
245701,1,4,3,3,2,3,46,0,9,0,0,3
246001,0,3,4,3,2,3,58,1,6,1,0,3
246001,1,4,4,4,3,2,58,1,6,1,0,3.75
246002,0,3,3,3,2,3,54,0,6,1,0,2.75
246002,1,4,4,4,3,2,54,0,6,1,0,3.75
247501,0,4,3,3,2,4,45,1,16,1,1,3
247501,1,3,3,2,2,3,45,1,16,1,1,2.5
248301,0,4,3,3,3,5,55,1,9,1,1,3.25
248301,1,3,3,3,3,2,55,1,9,1,1,3
248302,0,4,4,4,2,5,50,0,6,1,1,3.5
248302,1,3,3,3,3,2,50,0,6,1,1,3
249301,0,5,5,4,2,6,45,1,6,1,0,4
249301,1,4,3,3,3,1,45,1,6,1,0,3.25
249702,0,4,4,4,3,4,55,0,6,1,0,3.75
249702,1,3,3,3,2,2,55,0,6,1,0,2.75
250301,0,4,2,3,3,4,52,1,12,1,1,3
250301,1,2,2,2,2,2,52,1,12,1,1,2
250302,0,4,3,4,3,4,48,0,12,1,0,3.5
250302,1,2,2,3,2,2,48,0,12,1,0,2.25
250501,0,5,4,4,2,4,55,1,9,1,1,3.75
250501,1,3,3,2,2,2,55,1,9,1,1,2.5
251601,0,4,4,4,3,4,57,1,12,1,0,3.75
251601,1,3,3,3,3,2,57,1,12,1,0,3
252101,0,5,5,4,3,3,49,1,6,1,0,4.25
252101,1,3,3,3,2,2,49,1,6,1,0,2.75
252501,0,4,3,3,3,5,57,1,16,1,1,3.25
252501,1,2,3,2,2,2,57,1,16,1,1,2.25
252702,0,4,3,4,4,2,59,0,0,1,0,3.75
252702,1,3,3,3,3,1,59,0,0,1,0,3
253901,0,3,4,3,2,4,46,1,12,1,0,3
253901,1,3,3,3,1,2,46,1,12,1,0,2.5
254301,0,4,5,5,3,2,56,1,6,1,0,4.25
254503,0,5,5,4,3,5,47,0,6,1,0,4.25
254503,1,3,3,2,2,3,47,0,6,1,0,2.5
254601,0,5,5,4,3,3,53,1,0,1,0,4.25
254601,1,3,3,3,3,3,53,1,0,1,0,3
255001,0,4,3,4,3,4,53,1,16,1,1,3.5
255001,1,2,3,2,2,2,53,1,16,1,1,2.25
256101,0,4,4,3,2,4,51,1,16,1,1,3.25
256101,1,3,3,2,2,3,51,1,16,1,1,2.5
256601,0,4,4,2,2,4,51,1,12,1,1,3
256601,1,3,2,2,2,2,51,1,12,1,1,2.25
256602,0,4,4,3,2,4,49,0,9,1,0,3.25
256602,1,3,2,2,2,2,49,0,9,1,0,2.25
257501,0,2,3,3,2,5,56,1,12,1,1,2.5
258501,0,3,3,3,2,1,55,0,6,0,1,2.75
258501,1,3,3,3,3,1,55,0,6,0,1,3
259201,0,5,5,3,2,2,53,1,12,1,0,3.75
259201,1,3,2,2,2,1,53,1,12,1,0,2.25
259401,0,4,4,3,2,4,51,1,6,1,0,3.25
259401,1,4,4,4,3,4,51,1,6,1,0,3.75
261301,0,3,3,4,2,3,55,0,0,0,0,3
261301,1,4,4,4,2,1,55,0,0,0,0,3.5
261901,0,3,4,4,2,2,58,1,9,1,0,3.25
261901,1,4,3,4,2,2,58,1,9,1,0,3.25
261902,0,3,4,4,3,2,58,0,0,1,0,3.5
261902,1,4,4,4,2,2,58,0,0,1,0,3.5
262601,0,2,3,3,2,3,54,1,6,1,1,2.5
262601,1,3,2,2,2,2,54,1,6,1,1,2.25
262602,0,2,2,4,2,3,52,0,6,1,1,2.5
262602,1,3,3,2,2,2,52,0,6,1,1,2.5
262701,0,5,3,3,4,4,46,1,6,0,0,3.75
262701,1,4,4,4,4,1,46,1,6,0,0,4
262801,0,5,4,3,3,4,49,1,14,1,0,3.75
262801,1,2,3,3,2,3,49,1,14,1,0,2.5
263101,0,3,3,3,3,5,53,1,6,1,1,3
263101,1,3,2,3,3,2,53,1,6,1,1,2.75
263102,0,3,3,3,2,5,49,0,6,1,1,2.75
263102,1,3,3,3,3,2,49,0,6,1,1,3
264001,0,5,4,3,3,7,59,1,6,1,1,3.75
264001,1,4,3,3,3,4,59,1,6,1,1,3.25
264601,0,3,3,2,2,4,49,1,6,1,1,2.5
264601,1,3,2,2,2,3,49,1,6,1,1,2.25
264801,0,3,4,4,3,4,52,1,16,0,1,3.5
264801,1,3,2,2,2,1,52,1,16,0,1,2.25
264902,0,2,2,3,2,2,45,0,16,1,1,2.25
264902,1,2,2,2,2,1,45,0,16,1,1,2
265102,0,5,5,4,3,4,51,0,9,1,0,4.25
265102,1,3,3,3,3,1,51,0,9,1,0,3
265201,0,3,3,3,3,4,52,1,12,1,1,3
265201,1,3,3,2,2,2,52,1,12,1,1,2.5
265701,0,3,4,3,2,2,57,1,6,1,1,3
265701,1,5,4,3,2,2,57,1,6,1,1,3.5
265901,0,4,4,4,2,3,58,1,6,1,1,3.5
265901,1,2,2,2,2,2,58,1,6,1,1,2
265902,0,4,4,4,2,3,52,0,6,1,1,3.5
265902,1,2,2,2,2,2,52,0,6,1,1,2
266201,0,5,4,3,3,4,53,1,6,1,0,3.75
266201,1,4,3,3,2,4,53,1,6,1,0,3
266401,0,5,4,3,3,4,52,1,12,1,1,3.75
266401,1,5,4,3,2,4,52,1,12,1,1,3.5
266601,0,3,3,3,2,6,46,1,18,1,1,2.75
266601,1,5,2,2,2,5,46,1,18,1,1,2.75
266901,0,5,4,3,2,5,47,1,12,1,1,3.5
267202,0,3,3,4,3,3,51,0,6,1,0,3.25
267202,1,4,3,2,2,1,51,0,6,1,0,2.75
267601,0,4,4,3,3,2,59,0,6,0,1,3.5
267601,1,3,3,3,2,2,59,0,6,0,1,2.75
267701,0,4,3,3,2,4,54,1,12,1,1,3
267701,1,4,3,2,2,2,54,1,12,1,1,2.75
267702,0,4,3,4,3,4,47,0,12,1,1,3.5
267702,1,4,4,2,2,2,47,0,12,1,1,3
267801,0,3,3,3,3,4,56,1,12,1,0,3
267801,1,4,3,2,2,3,56,1,12,1,0,2.75
267901,0,4,4,4,2,5,54,1,6,1,0,3.5
267901,1,4,3,2,2,2,54,1,6,1,0,2.75
267902,0,4,4,4,2,5,53,0,6,1,1,3.5
267902,1,4,3,4,2,2,53,0,6,1,1,3.25
268701,0,5,3,3,2,4,51,1,18,1,1,3.25
268701,1,3,3,2,2,2,51,1,18,1,1,2.5
269301,0,5,4,4,2,5,53,1,6,0,1,3.75
269301,1,4,4,3,2,2,53,1,6,0,1,3.25
270201,0,5,4,3,2,4,52,1,12,1,0,3.5
270201,1,3,3,2,2,3,52,1,12,1,0,2.5
270401,0,4,3,3,2,4,45,1,14,1,1,3
270401,1,3,3,2,3,3,45,1,14,1,1,2.75
270601,0,3,3,2,1,4,49,1,12,1,1,2.25
270601,1,3,3,3,3,3,49,1,12,1,1,3
271301,0,3,2,3,2,5,46,1,18,1,1,2.5
271301,1,2,3,3,3,3,46,1,18,1,1,2.75
272801,0,5,4,4,3,6,59,1,9,1,1,4
272801,1,4,4,4,2,2,59,1,9,1,1,3.5
273501,0,2,2,3,2,4,49,1,16,1,1,2.25
273501,1,1,2,2,2,2,49,1,16,1,1,1.75
273502,0,2,1,1,1,4,48,0,16,1,1,1.25
273502,1,1,2,2,2,2,48,0,16,1,1,1.75
273701,0,5,4,4,2,4,51,1,9,1,1,3.75
273701,1,3,3,3,2,2,51,1,9,1,1,2.75
273702,0,5,4,4,2,4,51,0,6,1,0,3.75
273702,1,3,3,2,3,2,51,0,6,1,0,2.75
273801,0,3,4,3,2,2,58,1,12,1,1,3
273801,1,3,3,3,1,2,58,1,12,1,1,2.5
273802,0,3,4,3,2,2,56,0,12,1,1,3
273802,1,3,3,2,1,2,56,0,12,1,1,2.25
274002,0,3,3,4,2,5,59,0,0,1,0,3
274002,1,2,3,3,2,2,59,0,0,1,0,2.5
274801,0,4,3,4,2,1,46,0,6,1,0,3.25
274801,1,3,2,2,2,1,46,0,6,1,0,2.25
275502,0,4,3,4,2,4,54,0,6,0,1,3.25
275502,1,3,3,2,3,3,54,0,6,0,1,2.75
276101,0,5,5,4,2,4,51,1,12,1,1,4
276101,1,3,3,3,2,3,51,1,12,1,1,2.75
277302,0,5,3,4,2,5,47,0,9,1,1,3.5
277302,1,3,2,3,2,2,47,0,9,1,1,2.5
278201,0,3,3,3,2,4,48,1,6,1,1,2.75
278201,1,3,3,3,2,3,48,1,6,1,1,2.75
278501,0,5,4,4,2,5,55,1,9,1,1,3.75
278501,1,4,3,3,2,1,55,1,9,1,1,3
278701,0,-1,4,3,2,4,48,1,9,1,1,2
278701,1,3,3,3,3,4,48,1,9,1,1,3
279702,0,4,5,4,3,3,51,0,9,1,0,4
279702,1,4,3,3,2,1,51,0,9,1,0,3
280001,0,4,4,3,2,4,47,1,16,1,1,3.25
280602,0,4,3,3,2,3,58,0,12,1,1,3
280602,1,4,3,3,3,5,58,0,12,1,1,3.25
280701,0,3,4,4,2,3,46,1,9,1,1,3.25
280701,1,3,3,3,2,2,46,1,9,1,1,2.75
280802,0,5,5,4,2,4,52,0,9,1,1,4
280802,1,4,3,3,2,1,52,0,9,1,1,3
280901,0,2,3,3,2,5,53,1,12,1,1,2.5
280901,1,3,3,3,2,4,53,1,12,1,1,2.75
280902,0,2,3,2,2,5,49,0,9,1,1,2.25
280902,1,3,3,3,2,4,49,0,9,1,1,2.75
281501,0,3,3,3,2,6,53,1,12,1,1,2.75
281501,1,3,3,3,2,2,53,1,12,1,1,2.75
281502,0,3,3,3,2,6,50,0,9,1,1,2.75
281502,1,3,3,3,2,2,50,0,9,1,1,2.75
281601,0,2,2,2,2,4,52,1,9,1,1,2
281601,1,3,3,3,2,2,52,1,9,1,1,2.75
281602,0,2,2,2,2,4,48,0,9,1,1,2
281602,1,3,3,3,3,2,48,0,9,1,1,3
281702,0,4,4,3,3,4,51,0,6,1,0,3.5
281702,1,3,3,3,2,1,51,0,6,1,0,2.75
283001,0,5,4,4,2,5,50,1,9,1,0,3.75
283001,1,3,3,3,3,2,50,1,9,1,0,3
283901,0,3,3,3,2,3,51,1,6,1,1,2.75
283901,1,2,2,2,2,2,51,1,6,1,1,2
284301,0,5,5,4,3,3,49,0,12,0,0,4.25
284301,1,5,3,2,2,1,49,0,12,0,0,3
284801,0,3,3,2,2,4,50,1,9,1,1,2.5
284801,1,3,2,2,2,3,50,1,9,1,1,2.25
285101,0,3,3,3,2,4,53,1,12,1,1,2.75
285101,1,3,2,2,2,2,53,1,12,1,1,2.25
285701,0,3,4,3,3,4,48,1,12,1,1,3.25
285701,1,3,2,2,2,3,48,1,12,1,1,2.25
286202,0,3,3,3,2,2,50,0,9,1,1,2.75
286202,1,3,3,3,2,1,50,0,9,1,1,2.75
286402,0,3,3,3,3,5,52,0,6,1,1,3
286402,1,2,3,3,2,3,52,0,6,1,1,2.5
286601,0,4,4,4,3,3,49,1,9,1,0,3.75
286601,1,4,3,3,2,2,49,1,9,1,0,3
286901,0,3,3,3,3,5,53,1,6,1,0,3
286901,1,4,3,2,2,1,53,1,6,1,0,2.75
287001,0,5,5,4,3,4,58,0,0,1,0,4.25
287001,1,3,3,3,3,1,58,0,0,1,0,3
287701,0,3,3,3,2,4,46,1,12,1,0,2.75
287701,1,3,3,2,2,4,46,1,12,1,0,2.5
287901,0,4,3,3,2,4,48,1,12,1,0,3
287901,1,3,2,2,2,2,48,1,12,1,0,2.25
288301,0,3,3,3,3,4,58,1,9,1,0,3
288301,1,3,3,3,3,2,58,1,9,1,0,3
288601,0,3,3,3,2,4,47,1,14,1,0,2.75
288601,1,3,3,3,3,3,47,1,14,1,0,3
289302,0,3,3,2,2,4,55,0,6,1,1,2.5
289302,1,4,3,2,2,2,55,0,6,1,1,2.75
289501,0,2,2,3,2,5,59,1,6,1,1,2.25
289501,1,3,3,2,2,2,59,1,6,1,1,2.5
289502,0,2,2,2,2,5,55,0,6,1,0,2
289502,1,3,3,2,2,2,55,0,6,1,0,2.5
289801,0,4,3,3,3,5,49,1,9,1,1,3.25
289801,1,3,2,2,2,2,49,1,9,1,1,2.25
290101,0,2,3,3,2,4,54,1,12,1,1,2.5
290901,0,4,3,4,4,4,59,1,6,1,1,3.75
290901,1,3,3,2,3,1,59,1,6,1,1,2.75
291901,0,4,3,3,2,4,56,1,16,1,1,3
291901,1,3,3,2,3,3,56,1,16,1,1,2.75
291902,0,4,3,3,2,4,58,0,6,1,1,3
291902,1,3,3,4,3,3,58,0,6,1,1,3.25
292601,0,3,3,2,1,4,54,1,16,1,1,2.25
292601,1,4,4,3,2,2,54,1,16,1,1,3.25
292801,0,3,5,4,2,5,56,1,6,1,0,3.5
292801,1,4,3,3,3,2,56,1,6,1,0,3.25
292802,0,3,3,4,2,5,53,0,6,1,1,3
292802,1,4,3,2,2,2,53,0,6,1,1,2.75
293401,0,3,3,4,2,4,49,1,12,1,1,3
293401,1,3,3,3,3,3,49,1,12,1,1,3
295101,0,3,4,4,3,4,56,1,12,1,1,3.5
295101,1,2,3,2,2,2,56,1,12,1,1,2.25
295801,0,3,4,4,2,4,53,1,12,1,1,3.25
295801,1,2,3,2,3,4,53,1,12,1,1,2.5
296001,0,3,3,3,3,4,46,1,9,1,0,3
296001,1,3,3,3,3,2,46,1,9,1,0,3
296002,0,3,4,3,3,4,45,0,6,1,1,3.25
296002,1,3,2,2,2,2,45,0,6,1,1,2.25
296601,0,4,4,3,2,5,45,1,6,1,1,3.25
296601,1,3,4,3,3,3,45,1,6,1,1,3.25
296801,0,3,4,3,3,1,51,0,6,0,0,3.25
296801,1,3,3,2,2,2,51,0,6,0,0,2.5
298501,0,4,3,4,3,9,52,1,9,1,0,3.5
298501,1,3,3,2,2,2,52,1,9,1,0,2.5
299901,0,3,3,3,2,4,46,1,12,1,1,2.75
299901,1,4,4,3,3,3,46,1,12,1,1,3.5
300202,0,3,3,3,2,5,57,0,6,1,1,2.75
300202,1,3,2,2,2,5,57,0,6,1,1,2.25
300401,0,4,4,4,3,5,54,1,9,1,0,3.75
300401,1,5,3,3,2,3,54,1,9,1,0,3.25
300402,0,4,4,4,2,5,50,0,12,1,0,3.5
300402,1,5,4,4,3,3,50,0,12,1,0,4
301802,0,3,3,3,2,5,46,1,12,1,1,2.75
301802,1,3,3,3,2,5,46,1,12,1,1,2.75
302401,0,3,3,4,2,4,45,1,6,1,1,3
302401,1,4,3,3,2,4,45,1,6,1,1,3
305502,0,4,3,3,2,5,51,0,9,1,1,3
305502,1,3,3,3,2,3,51,0,9,1,1,2.75
305801,0,4,4,3,2,4,46,1,9,1,1,3.25
305801,1,4,4,3,2,4,46,1,9,1,1,3.25
307801,0,4,4,3,2,3,46,1,12,0,1,3.25
307801,1,3,3,3,2,3,46,1,12,0,1,2.75
308001,0,3,3,4,3,3,48,1,16,1,1,3.25
308001,1,3,4,3,3,3,48,1,16,1,1,3.25
308101,0,4,4,4,3,4,46,1,14,1,1,3.75
308301,0,3,3,3,3,5,47,1,16,1,1,3
308301,1,2,2,2,2,5,47,1,16,1,1,2
310502,0,4,4,3,3,4,53,0,9,1,1,3.5
310502,1,4,4,2,3,2,53,0,9,1,1,3.25
310601,0,5,4,4,3,4,53,1,6,1,0,4
310601,1,4,4,4,3,2,53,1,6,1,0,3.75
311501,0,4,4,5,2,4,50,1,6,1,0,3.75
311501,1,3,3,2,2,3,50,1,6,1,0,2.5
312001,0,4,3,3,3,4,53,1,6,1,1,3.25
312001,1,4,4,4,3,2,53,1,6,1,1,3.75
312002,0,4,4,4,3,4,51,0,6,1,1,3.75
312002,1,4,4,4,3,2,51,0,6,1,1,3.75
312101,0,4,4,4,2,3,45,1,12,1,1,3.5
312101,1,5,4,4,3,3,45,1,12,1,1,4
312801,0,3,3,3,3,4,58,1,12,1,1,3
312801,1,2,3,3,2,3,58,1,12,1,1,2.5
313001,0,4,3,3,3,4,49,1,9,0,1,3.25
313001,1,3,3,3,3,1,49,1,9,0,1,3
313101,0,3,3,3,3,3,54,1,0,1,1,3
313101,1,4,3,3,3,2,54,1,0,1,1,3.25
313201,0,3,3,3,3,3,47,1,12,1,1,3
313201,1,3,3,4,2,2,47,1,12,1,1,3
313301,0,3,3,4,3,3,47,0,6,0,1,3.25
313301,1,3,3,3,3,1,47,0,6,0,1,3
314601,0,4,4,3,3,4,47,1,16,1,1,3.5
314601,1,2,2,2,2,3,47,1,16,1,1,2
314701,0,3,4,3,3,4,46,1,9,1,1,3.25
314701,1,4,4,4,3,3,46,1,9,1,1,3.75
314901,0,3,2,2,2,3,58,0,0,0,0,2.25
314901,1,4,4,2,2,1,58,0,0,0,0,3
315201,0,3,4,4,2,4,51,1,6,1,0,3.25
315201,1,3,3,4,3,4,51,1,6,1,0,3.25
315202,0,3,4,4,2,4,47,0,6,1,1,3.25
315202,1,3,3,4,4,4,47,0,6,1,1,3.5
316401,0,3,4,3,3,3,46,1,12,1,1,3.25
316401,1,3,3,3,3,3,46,1,12,1,1,3
317001,0,3,4,3,3,4,45,1,12,1,1,3.25
317001,1,3,2,3,3,2,45,1,12,1,1,2.75
318701,0,-1,4,3,3,4,49,1,6,1,1,2.25
318701,1,2,2,2,2,3,49,1,6,1,1,2
319301,0,3,4,4,3,4,52,1,12,1,1,3.5
319301,1,4,3,3,3,2,52,1,12,1,1,3.25
319302,0,3,4,4,3,4,47,0,12,1,1,3.5
319302,1,4,3,3,3,2,47,0,12,1,1,3.25
319801,0,3,5,5,3,3,57,1,12,1,0,4
319801,1,5,3,3,2,2,57,1,12,1,0,3.25
319802,0,3,5,5,3,3,50,0,12,1,0,4
319802,1,5,3,3,3,2,50,0,12,1,0,3.5
319901,0,2,3,2,3,4,46,1,12,1,0,2.5
319901,1,3,3,4,2,2,46,1,12,1,0,3
320502,0,3,3,3,2,4,53,0,6,1,0,2.75
320502,1,5,4,4,3,1,53,0,6,1,0,4
320701,0,4,4,3,3,3,57,1,16,1,1,3.5
320701,1,4,3,3,3,2,57,1,16,1,1,3.25
320901,0,3,3,3,2,4,51,1,12,1,1,2.75
320901,1,3,3,3,3,2,51,1,12,1,1,3
321201,0,5,4,4,3,2,54,0,12,1,0,4
321201,1,5,4,3,3,1,54,0,12,1,0,3.75
324002,0,4,3,4,3,6,46,0,0,1,1,3.5
324002,1,5,4,3,3,2,46,0,0,1,1,3.75
324901,0,3,4,4,3,5,53,1,9,1,1,3.5
324901,1,5,4,3,3,2,53,1,9,1,1,3.75
324902,0,3,4,4,3,5,48,0,9,1,1,3.5
324902,1,5,4,3,3,2,48,0,9,1,1,3.75
325401,0,3,4,3,3,2,54,1,12,0,1,3.25
325401,1,4,2,2,2,1,54,1,12,0,1,2.5
325701,0,4,4,4,2,5,49,1,14,1,1,3.5
325701,1,4,3,3,2,5,49,1,14,1,1,3
327201,0,3,3,4,2,5,57,1,9,1,1,3
327201,1,4,3,3,3,3,57,1,9,1,1,3.25
327301,0,3,2,2,2,4,59,1,6,1,1,2.25
327301,1,4,4,4,3,2,59,1,6,1,1,3.75
327302,0,3,2,2,2,4,59,0,6,1,1,2.25
327302,1,4,4,4,3,2,59,0,6,1,1,3.75
327901,0,3,3,3,2,3,53,1,12,1,1,2.75
327901,1,3,3,3,2,2,53,1,12,1,1,2.75
327902,0,3,3,2,2,3,53,0,12,1,1,2.5
327902,1,3,3,3,2,2,53,0,12,1,1,2.75
328601,0,4,4,3,3,1,53,1,6,0,1,3.5
328601,1,5,4,4,3,1,53,1,6,0,1,4
329801,0,4,3,3,2,3,46,1,12,1,1,3
329801,1,4,3,2,3,3,46,1,12,1,1,3
330901,0,4,3,3,3,4,50,1,12,0,1,3.25
330901,1,5,4,3,4,1,50,1,12,0,1,4
332701,0,4,4,4,3,5,49,1,12,1,1,3.75
332701,1,3,3,3,2,2,49,1,12,1,1,2.75
333401,0,4,4,3,3,4,46,1,12,1,1,3.5
333401,1,4,4,3,2,4,46,1,12,1,1,3.25
333402,0,4,4,3,3,4,45,0,12,1,1,3.5
333402,1,4,4,3,2,4,45,0,12,1,1,3.25
334302,0,3,4,4,3,3,58,0,6,1,0,3.5
334302,1,5,3,3,3,2,58,0,6,1,0,3.5
335301,0,4,4,4,3,5,52,1,9,1,1,3.75
335301,1,3,3,3,2,2,52,1,9,1,1,2.75
336302,0,4,4,4,3,4,54,0,6,1,0,3.75
336302,1,3,4,3,2,2,54,0,6,1,0,3
336601,0,3,3,4,3,4,47,1,9,1,1,3.25
336601,1,3,3,3,3,2,47,1,9,1,1,3
337001,0,3,4,2,2,4,58,1,16,1,1,2.75
337001,1,3,4,4,3,1,58,1,16,1,1,3.5
337201,0,4,4,4,2,3,56,0,6,0,1,3.5
337201,1,3,3,3,3,1,56,0,6,0,1,3
337502,0,4,4,4,3,5,46,0,9,1,1,3.75
337502,1,4,3,4,2,3,46,0,9,1,1,3.25
337901,0,4,3,4,3,5,52,1,6,1,1,3.5
337901,1,3,3,3,2,3,52,1,6,1,1,2.75
338101,0,4,4,3,2,4,52,1,9,1,1,3.25
338101,1,3,4,3,2,3,52,1,9,1,1,3
340902,0,4,3,3,2,5,45,0,9,1,1,3
340902,1,3,3,3,2,2,45,0,9,1,1,2.75
341101,0,3,3,3,2,5,46,1,9,1,1,2.75
341101,1,3,3,3,2,2,46,1,9,1,1,2.75
341201,0,2,3,3,2,6,47,1,9,1,1,2.5
341201,1,3,3,2,2,2,47,1,9,1,1,2.5
342201,0,5,5,4,3,5,57,1,16,1,0,4.25
342201,1,4,3,3,3,2,57,1,16,1,0,3.25
342301,0,3,2,3,2,4,55,1,12,1,1,2.5
342301,1,5,4,3,3,1,55,1,12,1,1,3.75
343401,0,4,5,4,3,4,49,0,6,0,1,4
343401,1,3,3,3,3,2,49,0,6,0,1,3
344101,0,3,4,4,2,4,48,1,16,1,0,3.25
344101,1,2,2,4,2,2,48,1,16,1,0,2.5
344102,0,3,3,3,2,4,48,0,12,1,1,2.75
344102,1,2,3,3,2,2,48,0,12,1,1,2.5
345701,0,3,3,3,3,4,53,1,12,1,1,3
345701,1,3,2,2,2,2,53,1,12,1,1,2.25
346101,0,3,2,3,2,5,45,1,16,1,1,2.5
346101,1,3,2,2,2,4,45,1,16,1,1,2.25
346801,0,5,4,4,3,4,50,1,9,1,0,4
346801,1,3,4,3,3,2,50,1,9,1,0,3.25
346902,0,1,5,5,3,3,57,0,6,1,0,3.5
346902,1,3,3,2,2,2,57,0,6,1,0,2.5
347402,0,1,4,5,2,4,56,0,12,1,0,3
347402,1,4,4,3,4,1,56,0,12,1,0,3.75
348701,0,4,4,5,2,4,49,1,12,1,0,3.75
348701,1,3,4,3,2,2,49,1,12,1,0,3
348902,0,4,4,4,2,4,45,0,12,1,0,3.5
348902,1,4,4,3,3,3,45,0,12,1,0,3.5
349301,0,3,5,3,1,2,55,1,12,0,1,3
349301,1,4,4,3,3,2,55,1,12,0,1,3.5
350401,0,5,5,3,3,6,47,1,12,1,0,4
350401,1,4,3,3,2,3,47,1,12,1,0,3
350601,0,4,4,4,2,3,59,1,9,1,1,3.5
350601,1,3,3,2,2,5,59,1,9,1,1,2.5
350602,0,4,4,3,2,3,52,0,6,1,0,3.25
350602,1,3,3,2,3,5,52,0,6,1,0,2.75
350801,0,3,3,2,2,6,57,1,9,1,1,2.5
350801,1,4,4,3,2,2,57,1,9,1,1,3.25
350802,0,3,3,2,2,6,51,0,12,1,0,2.5
350802,1,4,3,2,2,2,51,0,12,1,0,2.75
351001,0,3,3,3,2,4,45,1,18,1,1,2.75
351301,0,3,3,4,3,4,51,1,16,1,1,3.25
351301,1,3,2,3,2,3,51,1,16,1,1,2.5
351302,0,3,3,3,3,4,45,0,12,1,1,3
351302,1,3,3,3,2,3,45,0,12,1,1,2.75
351801,0,3,2,2,2,4,48,1,12,1,1,2.25
351801,1,2,3,3,2,2,48,1,12,1,1,2.5
352301,0,2,3,3,3,4,46,1,16,1,1,2.75
352301,1,3,2,2,2,4,46,1,16,1,1,2.25
353001,0,3,2,3,2,4,47,1,16,1,1,2.5
353001,1,2,2,2,2,2,47,1,16,1,1,2
353002,0,3,2,2,2,4,45,0,16,1,1,2.25
353002,1,2,2,2,2,2,45,0,16,1,1,2
354201,0,5,5,4,3,6,49,1,9,1,0,4.25
354201,1,4,3,2,2,4,49,1,9,1,0,2.75
354401,0,4,4,3,3,2,51,1,12,1,1,3.5
354401,1,3,4,3,2,2,51,1,12,1,1,3
354601,0,4,4,4,2,7,57,1,6,1,0,3.5
354601,1,4,4,3,2,2,57,1,6,1,0,3.25
354602,0,4,3,4,2,7,52,0,6,1,1,3.25
354602,1,4,4,2,2,2,52,0,6,1,1,3
355201,0,3,3,3,3,5,48,1,12,1,1,3
355201,1,4,4,3,2,3,48,1,12,1,1,3.25
355501,0,4,3,4,2,3,49,1,12,1,1,3.25
355501,1,3,2,3,2,2,49,1,12,1,1,2.5
355701,0,4,4,3,3,5,46,1,12,1,1,3.5
355701,1,2,3,3,3,3,46,1,12,1,1,2.75
355801,0,4,4,4,3,5,55,1,9,1,1,3.75
355802,0,4,4,4,3,5,51,0,6,1,1,3.75
355802,1,4,4,3,2,2,51,0,6,1,1,3.25
358501,0,4,3,3,3,4,46,1,9,1,0,3.25
358501,1,4,4,3,3,3,46,1,9,1,0,3.5
359001,0,4,5,4,2,1,57,0,9,0,0,3.75
359001,1,3,3,3,3,1,57,0,9,0,0,3
359101,0,3,4,4,3,4,46,1,16,1,1,3.5
359101,1,2,2,2,2,3,46,1,16,1,1,2
359301,0,3,3,3,3,4,46,1,16,1,1,3
359301,1,2,1,1,1,2,46,1,16,1,1,1.25
360001,0,3,3,4,3,4,52,1,9,1,1,3.25
360001,1,4,3,3,3,2,52,1,9,1,1,3.25
360401,0,2,2,2,2,5,53,1,20,1,1,2
360401,1,2,2,2,2,3,53,1,20,1,1,2
361502,0,4,3,4,3,5,49,1,16,1,1,3.5
361502,1,4,3,3,2,5,49,1,16,1,1,3
361801,0,3,4,3,3,3,58,1,9,1,1,3.25
361801,1,3,3,3,3,2,58,1,9,1,1,3
364001,0,4,3,3,3,4,47,1,6,1,1,3.25
364001,1,2,2,2,2,4,47,1,6,1,1,2
364702,0,5,4,3,3,5,48,0,12,0,1,3.75
364702,1,3,4,3,2,2,48,0,12,0,1,3
364803,0,4,4,3,3,5,49,0,0,1,1,3.5
364803,1,4,4,3,2,3,49,0,0,1,1,3.25
366002,0,3,4,4,3,4,50,0,6,1,1,3.5
366002,1,3,3,2,2,2,50,0,6,1,1,2.5
366601,0,4,4,4,3,3,49,0,6,0,0,3.75
366601,1,4,3,3,3,1,49,0,6,0,0,3.25
367101,0,4,3,3,2,6,59,1,9,1,1,3
367101,1,5,4,4,3,2,59,1,9,1,1,4
367901,0,4,4,3,3,4,56,1,9,1,1,3.5
367901,1,2,3,3,2,2,56,1,9,1,1,2.5
367902,0,4,5,3,3,4,55,0,6,1,0,3.75
367902,1,2,3,2,2,2,55,0,6,1,0,2.25
368001,0,3,3,3,2,5,52,1,9,1,1,2.75
368001,1,3,3,3,2,2,52,1,9,1,1,2.75
368002,0,3,3,3,2,5,48,0,6,1,1,2.75
368002,1,3,3,3,2,2,48,0,6,1,1,2.75
368301,0,4,3,3,2,4,53,1,6,1,0,3
368301,1,4,4,2,2,2,53,1,6,1,0,3
368402,0,3,3,3,2,2,57,0,0,0,1,2.75
368402,1,3,4,2,2,1,57,0,0,0,1,2.75
368901,0,5,4,3,3,5,49,1,6,1,0,3.75
368901,1,3,2,3,2,3,49,1,6,1,0,2.5
369301,0,5,3,3,3,6,47,1,6,1,1,3.5
369301,1,3,3,2,2,2,47,1,6,1,1,2.5
369401,0,3,3,3,3,5,46,1,12,1,1,3
369401,1,2,2,2,2,3,46,1,12,1,1,2
369501,0,3,5,3,2,5,57,1,9,1,0,3.25
369501,1,3,4,3,2,2,57,1,9,1,0,3
369502,0,3,5,3,2,5,50,0,6,1,0,3.25
369502,1,3,4,3,2,2,50,0,6,1,0,3
369901,0,3,3,3,2,4,47,1,12,1,1,2.75
369901,1,4,4,4,3,3,47,1,12,1,1,3.75
370001,0,3,2,3,2,5,49,1,9,1,1,2.5
370001,1,3,3,4,2,2,49,1,9,1,1,3
370002,0,3,2,2,2,5,47,0,9,1,1,2.25
370002,1,3,2,2,2,2,47,0,9,1,1,2.25
370402,0,3,4,4,3,2,52,0,6,1,1,3.5
370402,1,3,2,2,2,2,52,0,6,1,1,2.25
370601,0,3,3,3,2,4,57,1,0,1,1,2.75
370601,1,4,3,3,2,3,57,1,0,1,1,3
370901,0,3,3,2,2,2,49,0,6,0,1,2.5
370901,1,3,4,3,2,1,49,0,6,0,1,3
371001,0,2,2,3,2,3,56,1,20,1,1,2.25
371001,1,3,2,2,2,2,56,1,20,1,1,2.25
371403,0,3,2,3,2,6,52,0,6,0,1,2.5
371403,1,3,3,3,3,1,52,0,6,0,1,3
371502,0,3,3,4,2,2,57,0,6,1,1,3
371502,1,4,3,3,4,1,57,0,6,1,1,3.5
372702,0,3,4,4,2,5,57,0,6,1,1,3.25
372702,1,3,3,3,3,2,57,0,6,1,1,3
372901,0,3,3,4,2,4,52,1,6,1,1,3
372901,1,3,3,3,3,3,52,1,6,1,1,3
373501,0,4,3,3,3,5,54,1,6,1,1,3.25
373501,1,3,4,3,2,3,54,1,6,1,1,3
373606,0,2,2,3,3,5,55,1,6,1,1,2.5
373606,1,3,3,3,2,2,55,1,6,1,1,2.75
374701,0,4,4,3,3,4,49,1,12,1,1,3.5
374701,1,3,3,2,2,2,49,1,12,1,1,2.5
374702,0,4,4,3,3,4,45,0,9,1,1,3.5
374702,1,3,3,3,2,2,45,0,9,1,1,2.75
376201,0,5,3,3,2,2,59,1,9,1,1,3.25
376201,1,3,3,3,3,2,59,1,9,1,1,3
376901,0,4,4,2,2,3,56,1,16,1,1,3
376901,1,3,3,3,2,2,56,1,16,1,1,2.75
378402,0,-1,3,3,3,5,48,1,12,1,1,2
378402,1,3,3,3,3,2,48,1,12,1,1,3
378403,0,-1,3,3,3,5,47,0,9,1,0,2
378403,1,3,3,3,3,2,47,0,9,1,0,3
378702,0,3,3,3,3,6,54,1,14,1,1,3
378702,1,3,3,3,3,3,54,1,14,1,1,3
378901,0,3,3,4,2,4,51,1,6,1,0,3
378902,0,3,3,3,2,4,50,0,6,1,1,2.75
378902,1,3,3,3,2,2,50,0,6,1,1,2.75
379601,0,3,2,2,2,4,49,1,12,1,1,2.25
379601,1,3,3,2,2,4,49,1,12,1,1,2.5
379602,0,3,2,2,2,4,45,0,9,1,1,2.25
379602,1,3,2,2,2,4,45,0,9,1,1,2.25
380401,0,3,5,5,2,5,49,1,6,1,1,3.75
380401,1,3,3,3,3,4,49,1,6,1,1,3
380402,0,3,4,5,3,5,46,0,9,1,1,3.75
380402,1,3,3,2,2,4,46,0,9,1,1,2.5
380602,0,3,4,4,3,3,55,1,6,1,0,3.5
380602,1,3,3,3,3,2,55,1,6,1,0,3
380603,0,3,3,3,3,3,52,0,0,1,0,3
380603,1,3,3,3,3,2,52,0,0,1,0,3
380802,0,5,4,3,2,4,48,1,6,1,0,3.5
380802,1,5,4,3,3,2,48,1,6,1,0,3.75
383301,0,5,5,5,5,5,46,1,12,1,0,5
383301,1,4,2,2,2,2,46,1,12,1,0,2.5
383902,0,5,4,4,4,2,48,0,0,1,0,4.25
383902,1,4,2,3,4,1,48,0,0,1,0,3.25
384701,0,3,4,3,3,5,51,1,6,1,1,3.25
384701,1,4,3,4,2,2,51,1,6,1,1,3.25
386101,0,4,4,3,2,2,56,1,12,1,1,3.25
386101,1,3,3,2,2,2,56,1,12,1,1,2.5
386102,0,4,4,3,3,2,49,0,9,1,1,3.5
386102,1,3,2,2,2,2,49,0,9,1,1,2.25
386401,0,4,4,4,3,6,49,1,6,1,0,3.75
386401,1,3,3,2,3,3,49,1,6,1,0,2.75
386402,0,4,4,3,3,6,48,0,6,1,1,3.5
386402,1,3,3,3,3,3,48,0,6,1,1,3
386602,0,4,4,4,3,4,46,0,6,1,0,3.75
386602,1,5,4,4,2,2,46,0,6,1,0,3.75
387101,0,5,4,4,4,5,46,1,9,1,0,4.25
387101,1,3,4,4,2,3,46,1,9,1,0,3.25
387702,0,4,4,4,4,2,58,0,12,1,1,4
387702,1,3,3,2,2,2,58,0,12,1,1,2.5
388302,0,5,5,4,2,2,58,0,9,1,0,4
388302,1,3,3,2,2,2,58,0,9,1,0,2.5
388701,0,3,4,4,2,2,47,1,6,0,0,3.25
388701,1,3,3,4,2,1,47,1,6,0,0,3
389201,0,3,4,5,3,5,54,1,9,1,0,3.75
389201,1,3,3,3,2,3,54,1,9,1,0,2.75
389301,0,4,5,4,1,4,49,1,9,1,0,3.5
389301,1,3,3,2,2,2,49,1,9,1,0,2.5
390601,0,4,3,3,3,1,51,0,6,0,0,3.25
390601,1,5,4,3,3,1,51,0,6,0,0,3.75
390702,0,4,4,3,3,2,59,0,6,1,0,3.5
390702,1,3,4,4,3,2,59,0,6,1,0,3.5
391001,0,5,4,4,2,6,54,1,12,1,0,3.75
391001,1,3,3,4,3,4,54,1,12,1,0,3.25
391002,0,5,4,4,3,6,49,0,9,1,0,4
391002,1,3,4,4,3,4,49,0,9,1,0,3.5
391301,0,5,5,4,3,5,49,1,12,1,0,4.25
391301,1,3,3,3,3,3,49,1,12,1,0,3
391901,0,2,2,4,2,5,51,1,6,1,0,2.5
391901,1,3,4,3,3,4,51,1,6,1,0,3.25
391902,0,2,2,3,2,5,47,0,6,1,0,2.25
391902,1,3,3,3,2,4,47,0,6,1,0,2.75
392002,0,5,5,4,3,4,58,0,0,1,0,4.25
392002,1,5,5,5,5,2,58,0,0,1,0,5
392301,0,4,3,3,2,5,46,1,16,1,0,3
392301,1,3,2,2,2,4,46,1,16,1,0,2.25
392701,0,3,3,2,2,4,47,1,12,1,0,2.5
392701,1,5,4,3,3,1,47,1,12,1,0,3.75
393401,0,3,3,5,2,4,53,1,12,1,0,3.25
393401,1,3,3,2,2,2,53,1,12,1,0,2.5
393501,0,2,3,3,2,5,56,1,12,1,1,2.5
393501,1,2,3,2,2,2,56,1,12,1,1,2.25
395401,0,5,5,4,2,6,48,1,9,1,0,4
395401,1,3,3,3,2,2,48,1,9,1,0,2.75
396901,0,5,3,3,2,5,51,1,12,1,1,3.25
396901,1,2,3,2,2,2,51,1,12,1,1,2.25
396902,0,5,3,4,2,5,47,0,12,1,1,3.5
396902,1,2,3,3,2,2,47,0,12,1,1,2.5
397501,0,3,3,4,2,5,46,1,12,1,0,3
397501,1,3,4,2,3,2,46,1,12,1,0,3
397701,0,3,4,3,2,4,46,1,12,1,1,3
397701,1,4,3,3,2,2,46,1,12,1,1,3
397802,0,5,5,4,2,4,49,0,9,1,0,4
397802,1,3,3,3,2,1,49,0,9,1,0,2.75
397901,0,3,3,3,2,5,45,1,12,1,1,2.75
397901,1,2,3,2,2,4,45,1,12,1,1,2.25
398402,0,5,5,3,3,3,52,0,6,1,0,4
398402,1,2,2,3,2,1,52,0,6,1,0,2.25
398901,0,4,4,4,2,6,49,1,9,1,1,3.5
398901,1,5,3,3,2,2,49,1,9,1,1,3.25
399001,0,5,5,4,3,2,58,1,12,0,0,4.25
399001,1,3,3,3,3,1,58,1,12,0,0,3
399601,0,3,3,3,2,4,45,1,12,1,1,2.75
399601,1,4,4,4,3,3,45,1,12,1,1,3.75
400401,0,3,3,3,2,5,49,1,9,1,1,2.75
400401,1,3,3,3,2,3,49,1,9,1,1,2.75
401001,0,3,3,4,2,3,50,1,12,1,0,3
401001,1,2,2,3,2,3,50,1,12,1,0,2.25
401201,0,4,4,3,3,2,51,0,12,0,0,3.5
401201,1,3,3,3,3,2,51,0,12,0,0,3
401801,0,5,4,4,3,2,47,0,6,0,0,4
401801,1,3,3,3,2,1,47,0,6,0,0,2.75
402201,0,4,3,3,2,4,57,1,12,1,1,3
402201,1,3,3,3,2,2,57,1,12,1,1,2.75
402202,0,4,3,3,2,4,49,0,9,1,1,3
402202,1,3,3,3,3,2,49,0,9,1,1,3
402301,0,5,4,4,3,6,58,1,9,1,0,4
402301,1,2,3,2,2,3,58,1,9,1,0,2.25
402302,0,5,4,4,3,6,51,0,6,1,1,4
402302,1,2,3,2,2,3,51,0,6,1,1,2.25
402501,0,3,4,4,3,5,57,1,9,1,0,3.5
402501,1,3,3,4,3,2,57,1,9,1,0,3.25
402502,0,3,4,4,3,5,53,0,6,1,0,3.5
402502,1,3,3,3,2,2,53,0,6,1,0,2.75
403101,0,3,3,3,3,1,49,0,9,0,1,3
403101,1,4,4,3,3,1,49,0,9,0,1,3.5
403402,0,3,3,3,3,4,50,0,6,1,1,3
403402,1,3,3,3,2,2,50,0,6,1,1,2.75
403601,0,4,3,4,3,4,49,1,12,1,1,3.5
403601,1,3,3,3,3,1,49,1,12,1,1,3
403902,0,4,4,3,2,3,59,0,6,1,1,3.25
403902,1,4,3,3,2,1,59,0,6,1,1,3
404001,0,3,3,3,3,2,59,1,6,1,0,3
404001,1,4,4,4,3,2,59,1,6,1,0,3.75
404002,0,3,3,3,2,2,56,0,6,1,1,2.75
404002,1,4,4,4,3,2,56,0,6,1,1,3.75
404301,0,4,4,4,2,4,46,1,12,1,1,3.5
404301,1,3,4,4,3,6,46,1,12,1,1,3.5
404501,0,5,4,3,2,5,52,1,12,1,0,3.5
404501,1,3,3,3,3,4,52,1,12,1,0,3
404502,0,5,4,4,2,5,50,0,12,1,0,3.75
404502,1,3,3,3,2,4,50,0,12,1,0,2.75
404602,0,4,4,4,3,2,53,0,6,1,0,3.75
404602,1,4,4,4,3,2,53,0,6,1,0,3.75
405201,0,5,5,4,5,4,46,1,6,1,0,4.75
405201,1,5,5,4,3,2,46,1,6,1,0,4.25
405501,0,4,5,4,3,3,46,1,6,1,1,4
405501,1,3,4,3,2,2,46,1,6,1,1,3
405801,0,4,3,4,3,4,49,1,9,1,1,3.5
405801,1,3,3,3,2,4,49,1,9,1,1,2.75
406302,0,4,4,4,2,3,57,0,6,1,1,3.5
406302,1,4,4,3,2,1,57,0,6,1,1,3.25
406401,0,3,3,2,2,5,45,1,9,1,1,2.5
406401,1,4,4,3,3,3,45,1,9,1,1,3.5
406602,0,4,4,4,3,5,51,0,6,1,0,3.75
406602,1,3,3,3,2,1,51,0,6,1,0,2.75
407403,0,3,4,3,2,5,53,1,9,1,1,3
407403,1,4,3,3,2,2,53,1,9,1,1,3
407404,0,3,4,4,3,5,51,0,6,1,0,3.5
407404,1,4,3,3,2,2,51,0,6,1,0,3
407701,0,5,3,3,2,5,56,1,6,1,0,3.25
407701,1,3,3,3,2,2,56,1,6,1,0,2.75
407703,0,5,3,3,2,5,53,0,6,1,0,3.25
407703,1,3,3,3,2,2,53,0,6,1,0,2.75
407803,0,5,5,5,3,3,53,0,6,0,0,4.5
407803,1,3,3,3,2,1,53,0,6,0,0,2.75
407902,0,5,4,4,3,3,55,0,6,1,0,4
407902,1,4,3,3,3,6,55,0,6,1,0,3.25
408001,0,3,4,4,3,2,58,1,6,1,0,3.5
408001,1,3,3,4,2,7,58,1,6,1,0,3
408801,0,3,3,3,2,4,55,1,12,1,1,2.75
408801,1,3,3,3,2,2,55,1,12,1,1,2.75
408802,0,3,3,3,2,4,54,0,9,1,0,2.75
408802,1,3,3,3,2,2,54,0,9,1,0,2.75
409401,0,3,3,3,2,5,49,1,12,1,1,2.75
409401,1,3,3,3,3,2,49,1,12,1,1,3
409801,0,4,3,3,2,7,59,1,6,1,0,3
409801,1,2,3,3,2,2,59,1,6,1,0,2.5
409802,0,4,3,3,2,7,55,0,6,1,1,3
409802,1,2,4,3,3,2,55,0,6,1,1,3
409902,0,4,4,4,3,6,49,0,6,1,0,3.75
409902,1,4,3,3,2,2,49,0,6,1,0,3
410601,0,4,4,4,2,4,45,1,6,1,0,3.5
410601,1,5,5,4,3,3,45,1,6,1,0,4.25
412001,0,4,4,4,2,2,57,1,9,1,0,3.5
412001,1,2,2,2,2,2,57,1,9,1,0,2
412301,0,3,3,3,3,7,49,1,9,1,1,3
412301,1,3,3,3,2,2,49,1,9,1,1,2.75
412901,0,4,3,3,2,3,54,1,12,1,1,3
412901,1,3,2,2,2,2,54,1,12,1,1,2.25
413101,0,3,3,3,2,4,59,1,6,1,1,2.75
413101,1,2,3,3,3,2,59,1,6,1,1,2.75
413701,0,5,4,3,2,3,52,1,6,1,1,3.5
413701,1,4,3,2,2,2,52,1,6,1,1,2.75
414301,0,5,4,3,3,5,48,1,12,1,1,3.75
414301,1,3,3,3,2,4,48,1,12,1,1,2.75
414502,0,4,4,3,2,5,54,0,6,1,1,3.25
414502,1,3,3,2,2,1,54,0,6,1,1,2.5
414901,0,3,4,2,2,4,48,1,12,1,1,2.75
414901,1,3,2,2,2,3,48,1,12,1,1,2.25
415501,0,3,4,3,2,3,59,1,12,1,1,3
415501,1,2,3,4,3,2,59,1,12,1,1,3
415701,0,3,4,3,2,4,47,1,12,1,1,3
415701,1,3,3,2,2,4,47,1,12,1,1,2.5
416201,0,4,5,4,2,3,56,1,6,1,0,3.75
416201,1,3,3,3,2,5,56,1,6,1,0,2.75
416202,0,4,4,5,3,3,48,0,9,1,1,4
416202,1,3,3,3,2,5,48,0,9,1,1,2.75
416401,0,4,4,3,2,4,59,1,6,1,0,3.25
416401,1,4,3,3,2,2,59,1,6,1,0,3
416602,0,4,3,3,2,5,59,0,16,1,1,3
416602,1,3,2,2,2,3,59,0,16,1,1,2.25
417001,0,4,4,3,3,5,47,1,6,0,1,3.5
417001,1,4,3,2,4,3,47,1,6,0,1,3.25
417201,0,4,3,4,2,6,53,1,12,1,1,3.25
417201,1,3,2,2,2,2,53,1,12,1,1,2.25
417701,0,5,3,2,2,4,57,1,12,1,1,3
417701,1,2,2,2,2,2,57,1,12,1,1,2
417801,0,3,3,3,2,3,49,0,6,0,1,2.75
417801,1,3,3,3,2,2,49,0,6,0,1,2.75
418301,0,2,1,2,2,2,57,1,12,1,1,1.75
418301,1,2,2,2,2,2,57,1,12,1,1,2
418401,0,5,4,2,3,1,47,0,18,0,0,3.5
418401,1,4,3,2,3,1,47,0,18,0,0,3
418802,0,4,4,3,2,5,54,0,9,1,1,3.25
418802,1,3,2,2,2,3,54,0,9,1,1,2.25
419201,0,5,4,4,2,5,55,1,12,1,0,3.75
419201,1,3,2,2,2,2,55,1,12,1,0,2.25
419202,0,5,4,4,2,5,50,0,9,1,0,3.75
419202,1,3,2,2,2,2,50,0,9,1,0,2.25
419501,0,4,3,4,2,5,47,1,9,1,1,3.25
419501,1,3,2,3,3,3,47,1,9,1,1,2.75
419502,0,4,4,4,2,5,45,0,9,1,1,3.5
419502,1,3,3,2,2,3,45,0,9,1,1,2.5
419701,0,4,3,3,3,3,48,0,9,0,0,3.25
419701,1,3,2,2,2,5,48,0,9,0,0,2.25
419801,0,4,3,3,2,3,56,1,12,1,1,3
419801,1,2,2,2,2,2,56,1,12,1,1,2
420101,0,1,2,3,2,3,54,1,12,1,1,2
420101,1,3,2,2,2,2,54,1,12,1,1,2.25
420102,0,1,2,2,2,3,52,0,12,1,1,1.75
420102,1,3,2,2,2,2,52,0,12,1,1,2.25
420601,0,4,4,4,3,4,46,1,12,1,1,3.75
420601,1,3,3,2,2,2,46,1,12,1,1,2.5
421102,0,2,2,4,2,5,55,0,12,1,0,2.5
421102,1,3,4,3,2,1,55,0,12,1,0,3
421601,0,4,4,4,3,4,57,1,9,1,0,3.75
421601,1,3,2,2,2,2,57,1,9,1,0,2.25
421602,0,4,4,4,2,4,57,0,6,1,0,3.5
421602,1,3,3,2,2,2,57,0,6,1,0,2.5
421702,0,5,3,4,2,4,53,0,6,1,0,3.5
421702,1,4,3,3,2,1,53,0,6,1,0,3
423701,0,2,3,3,2,5,56,1,18,1,1,2.5
423701,1,3,2,2,2,3,56,1,18,1,1,2.25
423702,0,2,3,3,3,5,52,0,16,1,1,2.75
423702,1,3,2,2,2,3,52,0,16,1,1,2.25
424501,0,2,2,2,3,5,52,1,6,1,1,2.25
424501,1,3,3,3,2,2,52,1,6,1,1,2.75
426001,0,4,5,2,2,4,45,0,9,0,1,3.25
426001,1,3,4,4,3,1,45,0,9,0,1,3.5
426802,0,3,4,4,3,3,55,0,6,1,1,3.5
426802,1,3,3,4,4,2,55,0,6,1,1,3.5
426901,0,3,4,4,2,5,59,1,9,1,1,3.25
426901,1,3,3,3,3,2,59,1,9,1,1,3
426902,0,3,4,4,3,5,47,0,0,1,1,3.5
426902,1,3,3,4,3,2,47,0,0,1,1,3.25
427401,0,3,3,3,2,3,57,1,6,1,1,2.75
427401,1,3,3,2,3,2,57,1,6,1,1,2.75
427402,0,3,3,4,3,3,52,0,6,1,1,3.25
427402,1,3,3,2,2,2,52,0,6,1,1,2.5
428401,0,3,2,3,2,5,51,1,12,1,1,2.5
428401,1,2,3,2,2,2,51,1,12,1,1,2.25
428402,0,3,2,2,2,5,49,0,6,1,1,2.25
428402,1,2,3,2,2,2,49,0,6,1,1,2.25
428502,0,3,4,4,2,5,54,0,6,1,0,3.25
428502,1,3,3,2,2,1,54,0,6,1,0,2.5
428701,0,4,3,3,2,6,47,1,6,1,1,3
428701,1,3,3,2,2,3,47,1,6,1,1,2.5
428801,0,4,4,3,3,1,59,0,0,0,0,3.5
428801,1,4,3,4,3,2,59,0,0,0,0,3.5
429601,0,4,3,3,3,4,57,1,6,1,1,3.25
429601,1,4,3,3,3,3,57,1,6,1,1,3.25
429602,0,4,4,4,3,4,49,0,6,1,1,3.75
429602,1,4,3,3,3,3,49,0,6,1,1,3.25
429701,0,4,4,3,3,3,56,0,6,0,0,3.5
429701,1,3,3,3,3,2,56,0,6,0,0,3
430601,0,4,3,3,2,4,54,1,6,1,1,3
430601,1,3,2,2,2,2,54,1,6,1,1,2.25
430801,0,5,5,3,3,4,48,1,6,1,1,4
430801,1,3,2,2,4,4,48,1,6,1,1,2.75
431302,0,4,4,3,3,3,56,0,9,1,0,3.5
431302,1,3,3,2,2,1,56,0,9,1,0,2.5
431901,0,3,3,3,3,2,52,1,12,1,1,3
431901,1,3,3,2,2,2,52,1,12,1,1,2.5
432101,0,3,3,3,3,2,54,1,18,1,0,3
432101,1,3,3,3,3,2,54,1,18,1,0,3
433102,0,5,5,4,3,5,55,0,0,1,0,4.25
433102,1,4,3,2,3,2,55,0,0,1,0,3
433701,0,5,5,4,2,6,51,1,12,1,0,4
433701,1,5,3,2,2,4,51,1,12,1,0,3
434101,0,4,4,3,2,2,49,1,12,0,0,3.25
434101,1,3,3,2,2,1,49,1,12,0,0,2.5
434701,0,5,5,2,1,4,53,1,16,1,0,3.25
434701,1,1,2,2,2,2,53,1,16,1,0,1.75
434703,0,5,5,3,1,4,48,0,14,1,0,3.5
434703,1,1,2,2,2,2,48,0,14,1,0,1.75
435001,0,4,4,5,2,3,53,1,12,1,0,3.75
435001,1,2,3,2,2,2,53,1,12,1,0,2.25
435002,0,4,4,4,3,3,47,0,12,1,1,3.75
435002,1,2,2,3,2,2,47,0,12,1,1,2.25
436501,0,4,5,3,2,4,51,1,9,1,1,3.5
436501,1,2,3,2,2,1,51,1,9,1,1,2.25
436602,0,3,3,3,2,4,51,0,6,1,1,2.75
437101,0,3,3,3,2,3,54,1,9,1,1,2.75
437501,0,3,3,3,4,1,54,1,16,1,1,3.25
437501,1,2,3,3,3,1,54,1,16,1,1,2.75
437601,0,4,3,3,4,4,50,1,6,1,1,3.5
437601,1,3,3,3,3,1,50,1,6,1,1,3
438001,0,3,3,4,3,2,52,0,6,0,0,3.25
438001,1,3,3,3,3,2,52,0,6,0,0,3
438201,0,4,3,3,3,3,58,1,9,1,1,3.25
438201,1,4,3,3,2,2,58,1,9,1,1,3
438401,0,3,3,3,2,3,58,1,16,1,1,2.75
438401,1,2,3,2,2,2,58,1,16,1,1,2.25
438402,0,3,3,3,3,3,49,0,16,1,1,3
438402,1,2,2,2,2,2,49,0,16,1,1,2
438701,0,3,3,3,2,5,48,1,16,1,1,2.75
438701,1,3,2,2,2,4,48,1,16,1,1,2.25
439001,0,3,3,3,3,1,56,1,9,0,1,3
439001,1,2,3,2,2,2,56,1,9,0,1,2.25
439102,0,4,4,4,3,3,58,0,0,0,0,3.75
439102,1,3,4,3,3,1,58,0,0,0,0,3.25
440001,0,4,3,3,2,4,47,1,12,1,1,3
440001,1,3,3,2,2,2,47,1,12,1,1,2.5
441001,0,3,3,3,3,4,53,1,16,1,1,3
441001,1,3,3,3,2,2,53,1,16,1,1,2.75
441002,0,3,3,3,3,4,50,0,12,1,0,3
441002,1,3,3,3,2,2,50,0,12,1,0,2.75
441101,0,3,3,3,3,4,56,1,9,1,0,3
441101,1,3,3,3,3,2,56,1,9,1,0,3
441301,0,4,3,4,3,4,54,1,6,1,1,3.5
441301,1,2,2,3,2,3,54,1,6,1,1,2.25
441302,0,4,3,4,3,4,49,0,6,1,0,3.5
441302,1,2,3,3,2,3,49,0,6,1,0,2.5
442002,0,4,3,4,2,3,53,0,6,1,0,3.25
442002,1,2,2,2,3,2,53,0,6,1,0,2.25
442202,0,3,4,3,3,2,59,0,6,1,0,3.25
442202,1,3,3,3,3,1,59,0,6,1,0,3
442301,0,5,5,4,2,3,54,1,6,1,1,4
442301,1,3,3,3,3,2,54,1,6,1,1,3
442302,0,5,5,4,2,3,50,0,6,1,0,4
442302,1,3,3,3,3,2,50,0,6,1,0,3
443402,0,3,3,3,3,2,59,0,6,1,1,3
443402,1,3,3,3,3,2,59,0,6,1,1,3
443702,0,3,4,3,3,4,57,0,6,1,1,3.25
443702,1,2,3,2,3,3,57,0,6,1,1,2.5
443801,0,3,3,3,3,5,51,0,9,0,1,3
443801,1,2,3,3,3,2,51,0,9,0,1,2.75
443904,0,3,3,3,3,4,46,0,6,1,1,3
443904,1,3,3,3,2,2,46,0,6,1,1,2.75
445102,0,3,4,3,2,1,58,0,6,0,1,3
445102,1,3,2,2,2,1,58,0,6,0,1,2.25
445202,0,5,5,5,3,3,58,0,0,1,0,4.5
445202,1,3,3,3,3,2,58,0,0,1,0,3
446501,0,4,2,4,2,4,47,1,9,1,0,3
446501,1,5,4,3,2,2,47,1,9,1,0,3.5
447402,0,4,4,3,3,4,50,0,6,1,0,3.5
447402,1,3,2,2,2,1,50,0,6,1,0,2.25
447801,0,5,2,2,2,4,53,1,9,1,1,2.75
447801,1,3,2,2,2,2,53,1,9,1,1,2.25
448203,0,5,5,3,2,8,51,0,12,1,0,3.75
448203,1,4,3,3,2,7,51,0,12,1,0,3
448302,0,4,4,3,2,5,50,1,12,1,0,3.25
448302,1,5,5,4,3,2,50,1,12,1,0,4.25
449001,0,5,4,4,3,3,47,1,6,1,0,4
449001,1,3,3,3,2,2,47,1,6,1,0,2.75
449302,0,3,4,4,2,2,53,1,16,1,1,3.25
449302,1,2,3,2,2,2,53,1,16,1,1,2.25
449902,0,5,4,4,3,3,53,0,6,1,0,4
449902,1,2,2,2,2,2,53,0,6,1,0,2
450201,0,3,4,4,3,3,49,1,12,1,1,3.5
450201,1,3,3,2,2,2,49,1,12,1,1,2.5
450202,0,3,4,4,2,3,50,0,12,1,1,3.25
450202,1,3,3,3,2,2,50,0,12,1,1,2.75
451701,0,3,4,5,3,3,46,0,6,0,1,3.75
451701,1,4,4,4,3,2,46,0,6,0,1,3.75
451901,0,4,5,4,3,3,51,0,9,0,0,4
451901,1,3,2,2,2,4,51,0,9,0,0,2.25
452301,0,3,4,4,2,3,49,1,9,1,1,3.25
452301,1,3,2,2,2,2,49,1,9,1,1,2.25
452801,0,4,3,3,3,7,51,1,12,1,1,3.25
452801,1,3,2,2,2,3,51,1,12,1,1,2.25
452802,0,4,5,4,3,7,47,0,9,1,1,4
452802,1,3,2,2,2,3,47,0,9,1,1,2.25
453101,0,4,4,4,3,5,47,1,9,1,0,3.75
453101,1,3,2,3,2,2,47,1,9,1,0,2.5
453703,0,5,4,4,3,4,58,1,9,0,0,4
453703,1,3,2,4,2,1,58,1,9,0,0,2.75
455001,0,3,3,3,3,4,53,1,9,1,1,3
455001,1,4,4,3,2,3,53,1,9,1,1,3.25
455401,0,2,4,4,2,4,49,1,9,1,1,3
455401,1,5,3,2,2,2,49,1,9,1,1,3
455402,0,2,4,4,2,4,46,0,12,1,0,3
455402,1,5,4,4,2,2,46,0,12,1,0,3.75
455601,0,4,5,4,2,3,47,0,6,1,0,3.75
455601,1,5,4,3,3,3,47,0,6,1,0,3.75
455602,0,4,5,4,2,3,46,1,6,1,0,3.75
455602,1,5,4,4,3,3,46,1,6,1,0,4
455801,0,5,5,3,2,5,52,1,12,1,1,3.75
455801,1,4,4,4,3,4,52,1,12,1,1,3.75
455802,0,5,5,4,2,5,49,0,9,1,0,4
455802,1,4,4,3,2,4,49,0,9,1,0,3.25
456001,0,3,5,4,2,4,46,1,6,1,0,3.5
456001,1,4,4,3,3,4,46,1,6,1,0,3.5
459601,0,3,3,3,3,4,47,1,12,1,1,3
459601,1,2,2,3,2,2,47,1,12,1,1,2.25
460202,0,5,3,3,2,2,59,0,6,1,0,3.25
460202,1,3,3,3,3,2,59,0,6,1,0,3
460402,0,4,3,4,2,2,57,0,6,1,0,3.25
460402,1,3,4,2,3,1,57,0,6,1,0,3
462902,0,4,3,4,2,5,49,0,6,1,0,3.25
462902,1,4,4,3,2,2,49,0,6,1,0,3.25
463001,0,4,2,2,2,5,48,1,9,1,0,2.5
463001,1,3,3,2,2,2,48,1,9,1,0,2.5
463002,0,4,4,2,2,5,46,0,6,1,0,3
463002,1,3,2,2,2,2,46,0,6,1,0,2.25
463502,0,3,4,4,3,3,51,0,6,0,0,3.5
463502,1,3,3,2,2,2,51,0,6,0,0,2.5
463902,0,5,4,4,4,4,53,0,6,1,0,4.25
463902,1,2,2,3,2,1,53,0,6,1,0,2.25
464001,0,5,5,3,3,1,58,1,12,0,1,4
464001,1,4,4,4,4,1,58,1,12,0,1,4
464801,0,3,4,4,3,2,59,1,6,1,0,3.5
464801,1,4,4,3,3,2,59,1,6,1,0,3.5
464802,0,3,4,4,3,2,56,0,6,1,0,3.5
464802,1,4,3,3,2,2,56,0,6,1,0,3
465402,0,5,5,5,1,2,59,0,0,1,0,4
465402,1,5,5,3,2,1,59,0,0,1,0,3.75
465601,0,5,5,4,2,6,45,1,12,1,0,4
465601,1,3,3,4,2,2,45,1,12,1,0,3
465701,0,5,5,3,2,1,59,0,6,0,0,3.75
465701,1,5,4,4,2,1,59,0,6,0,0,3.75
465801,0,5,4,4,2,5,52,1,12,1,0,3.75
465802,0,5,5,4,2,5,47,0,12,1,0,4
465802,1,3,3,2,3,1,47,0,12,1,0,2.75
465901,0,5,4,3,3,6,51,0,6,0,1,3.75
465901,1,4,4,3,2,8,51,0,6,0,1,3.25
466001,0,4,4,3,3,3,54,1,9,0,0,3.5
466001,1,3,3,3,3,2,54,1,9,0,0,3
466101,0,4,4,2,3,3,58,1,9,1,0,3.25
466101,1,4,3,3,2,2,58,1,9,1,0,3
466102,0,4,4,2,2,3,55,0,6,1,0,3
466102,1,4,3,2,2,2,55,0,6,1,0,2.75
467503,0,3,2,3,2,3,59,0,9,1,1,2.5
467503,1,3,3,3,2,3,59,0,9,1,1,2.75
468201,0,4,3,3,3,2,59,1,6,1,1,3.25
468201,1,4,4,2,2,2,59,1,6,1,1,3
468401,0,4,4,4,3,3,58,1,6,1,1,3.75
468401,1,3,3,3,2,2,58,1,6,1,1,2.75
469001,0,5,4,3,2,5,55,1,12,1,0,3.5
469001,1,2,3,3,2,2,55,1,12,1,0,2.5
469002,0,5,5,4,2,5,52,0,9,1,0,4
469002,1,2,3,3,2,2,52,0,9,1,0,2.5
469302,0,4,4,3,3,2,59,0,6,1,0,3.5
469302,1,2,2,2,2,1,59,0,6,1,0,2
469601,0,3,4,3,3,3,56,1,12,1,1,3.25
469601,1,3,2,2,2,2,56,1,12,1,1,2.25
469602,0,3,3,3,2,3,52,0,16,1,1,2.75
469602,1,3,2,2,2,2,52,0,16,1,1,2.25
469701,0,4,3,4,3,5,48,1,9,1,1,3.5
469701,1,3,2,2,2,2,48,1,9,1,1,2.25
470601,0,4,5,3,2,3,57,1,12,1,0,3.5
470601,1,3,2,2,2,2,57,1,12,1,0,2.25
470602,0,4,5,4,2,3,53,0,6,1,0,3.75
470602,1,3,3,3,2,2,53,0,6,1,0,2.75
471001,0,3,2,2,2,4,51,1,6,1,1,2.25
471001,1,2,2,2,2,2,51,1,6,1,1,2
471002,0,3,3,4,2,4,48,0,6,1,0,3
471002,1,2,3,3,3,2,48,0,6,1,0,2.75
471201,0,3,3,2,2,4,53,1,9,1,1,2.5
471201,1,4,4,3,3,2,53,1,9,1,1,3.5
471202,0,3,3,3,2,4,49,0,9,1,1,2.75
471202,1,4,4,2,2,2,49,0,9,1,1,3
471502,0,4,4,3,3,2,59,0,6,0,1,3.5
471502,1,5,3,3,2,1,59,0,6,0,1,3.25
471801,0,3,3,3,3,6,48,1,9,1,1,3
471801,1,4,4,3,3,2,48,1,9,1,1,3.5
471802,0,3,3,4,3,6,50,0,9,1,1,3.25
471802,1,4,4,2,2,2,50,0,9,1,1,3
472501,0,3,3,2,2,4,47,1,9,1,1,2.5
472501,1,3,3,2,2,2,47,1,9,1,1,2.5
473201,0,3,3,2,3,4,59,1,12,1,1,2.75
473201,1,4,3,2,2,3,59,1,12,1,1,2.75
473601,0,4,3,2,2,4,45,1,12,1,1,2.75
473601,1,4,4,2,2,3,45,1,12,1,1,3
474201,0,3,3,3,3,4,52,1,12,1,1,3
474201,1,4,4,3,3,3,52,1,12,1,1,3.5
474601,0,3,3,2,2,2,55,1,12,1,1,2.5
474601,1,4,3,2,2,2,55,1,12,1,1,2.75
474801,0,3,3,2,2,4,54,1,18,1,1,2.5
474801,1,3,4,2,2,2,54,1,18,1,1,2.75
474802,0,3,3,3,3,4,51,0,9,1,1,3
474802,1,3,3,2,2,2,51,0,9,1,1,2.5
474901,0,4,4,2,2,4,50,1,16,1,1,3
474901,1,4,4,3,3,1,50,1,16,1,1,3.5
475001,0,3,3,3,3,1,49,0,9,0,1,3
475001,1,4,4,3,3,2,49,0,9,0,1,3.5
475201,0,3,3,2,3,5,46,1,16,1,1,2.75
475201,1,3,3,3,3,2,46,1,16,1,1,3
476702,0,5,3,3,3,3,47,0,12,1,1,3.5
476702,1,3,3,3,2,2,47,0,12,1,1,2.75
476902,0,5,4,3,3,3,54,0,6,0,1,3.75
476902,1,4,4,3,3,1,54,0,6,0,1,3.5
477101,0,3,3,3,2,5,51,1,6,1,1,2.75
477101,1,3,3,3,2,2,51,1,6,1,1,2.75
477102,0,3,3,2,2,5,46,0,6,1,1,2.5
477102,1,3,3,3,2,2,46,0,6,1,1,2.75
477202,0,3,3,3,2,5,49,0,9,1,0,2.75
477202,1,4,3,3,2,1,49,0,9,1,0,3
477402,0,5,4,3,3,6,47,0,6,1,1,3.75
477402,1,4,3,3,3,6,47,0,6,1,1,3.25
477901,0,3,3,2,2,4,46,1,6,1,1,2.5
477901,1,3,3,3,3,4,46,1,6,1,1,3
478002,0,3,4,3,3,4,52,0,9,1,1,3.25
478002,1,3,3,3,2,3,52,0,9,1,1,2.75
478202,0,5,3,2,3,3,53,0,6,1,1,3.25
478202,1,3,3,3,2,1,53,0,6,1,1,2.75
478301,0,5,3,3,4,7,50,1,9,0,1,3.75
478301,1,3,3,3,3,2,50,1,9,0,1,3
478601,0,3,3,2,2,4,54,1,18,1,1,2.5
478601,1,3,3,2,2,2,54,1,18,1,1,2.5
479601,0,5,3,3,3,5,49,1,9,1,0,3.5
479601,1,3,2,2,2,4,49,1,9,1,0,2.25
479801,0,5,3,3,3,4,46,1,12,1,1,3.5
479801,1,3,2,2,1,3,46,1,12,1,1,2
480101,0,4,3,2,2,5,54,1,12,1,1,2.75
480101,1,3,3,3,2,2,54,1,12,1,1,2.75
480102,0,4,3,2,2,5,46,0,12,1,1,2.75
480102,1,3,3,3,3,2,46,0,12,1,1,3
480701,0,5,4,3,3,5,46,1,9,1,1,3.75
480701,1,4,3,3,2,2,46,1,9,1,1,3
480801,0,4,4,3,3,3,49,0,16,1,1,3.5
480801,1,3,3,3,3,2,49,0,16,1,1,3
481601,0,4,3,3,2,4,53,1,12,1,1,3
481601,1,3,4,2,2,3,53,1,12,1,1,2.75
481801,0,3,2,2,2,4,50,1,12,1,1,2.25
481801,1,2,2,2,2,2,50,1,12,1,1,2
481901,0,4,3,2,3,4,52,1,12,1,1,3
481901,1,3,3,2,2,3,52,1,12,1,1,2.5
482401,0,4,3,3,3,4,47,1,12,1,1,3.25
482401,1,3,3,3,2,2,47,1,12,1,1,2.75
482601,0,3,4,3,2,5,53,1,6,1,1,3
482601,1,3,3,2,2,2,53,1,6,1,1,2.5
482701,0,4,4,3,3,4,53,1,6,1,1,3.5
482701,1,2,3,3,2,3,53,1,6,1,1,2.5
482801,0,3,3,3,3,5,47,1,12,1,1,3
482801,1,3,3,2,2,4,47,1,12,1,1,2.5
483002,0,2,3,2,2,3,49,0,12,1,1,2.25
483002,1,3,2,2,2,1,49,0,12,1,1,2.25
483301,0,3,3,3,2,4,56,1,9,1,1,2.75
483301,1,2,2,2,2,2,56,1,9,1,1,2
483302,0,3,3,3,2,4,50,0,6,1,0,2.75
483302,1,2,2,2,2,2,50,0,6,1,0,2
483701,0,5,4,3,4,3,49,0,6,0,0,4
483701,1,4,3,2,3,1,49,0,6,0,0,3
484303,0,3,3,2,2,8,51,1,9,1,1,2.5
484303,1,3,3,2,2,3,51,1,9,1,1,2.5
484304,0,3,3,2,3,8,48,0,6,1,1,2.75
484304,1,3,3,2,2,3,48,0,6,1,1,2.5
486101,0,3,3,4,2,4,51,1,16,1,1,3
486101,1,2,3,2,2,4,51,1,16,1,1,2.25
486501,0,5,4,4,2,3,46,1,9,0,1,3.75
486501,1,3,2,2,2,2,46,1,9,0,1,2.25
486801,0,5,5,3,1,2,47,0,6,0,1,3.5
486801,1,3,3,2,2,1,47,0,6,0,1,2.5
486901,0,5,3,4,2,4,51,0,12,0,0,3.5
486901,1,2,2,2,2,2,51,0,12,0,0,2
487201,0,5,3,3,2,4,53,1,12,1,1,3.25
487201,1,3,2,2,2,2,53,1,12,1,1,2.25
488801,0,4,5,3,2,4,49,1,6,1,0,3.5
488801,1,3,3,2,2,2,49,1,6,1,0,2.5
489101,0,4,3,3,2,5,54,1,6,1,0,3
489101,1,3,3,3,3,3,54,1,6,1,0,3
489701,0,2,3,2,2,4,57,1,9,1,1,2.25
489701,1,2,3,3,3,2,57,1,9,1,1,2.75
490502,0,4,4,3,2,4,53,0,6,1,1,3.25
490502,1,3,3,3,3,2,53,0,6,1,1,3
491601,0,5,4,4,3,4,48,1,12,0,0,4
491601,1,4,3,3,3,1,48,1,12,0,0,3.25
491801,0,3,3,3,2,5,51,1,14,1,1,2.75
491801,1,2,2,2,2,2,51,1,14,1,1,2
492501,0,3,3,3,3,1,46,1,6,0,1,3
492501,1,5,4,4,4,1,46,1,6,0,1,4.25
492801,0,4,3,3,3,4,53,1,9,1,1,3.25
492801,1,4,4,3,3,2,53,1,9,1,1,3.5
493701,0,5,4,4,4,3,53,1,9,1,1,4.25
493701,1,3,3,3,2,3,53,1,9,1,1,2.75
493702,0,5,4,4,3,3,52,0,6,1,0,4
493702,1,3,3,3,2,3,52,0,6,1,0,2.75
494201,0,4,3,3,3,3,59,1,6,1,0,3.25
494201,1,3,2,2,2,2,59,1,6,1,0,2.25
494202,0,4,3,3,3,3,53,0,6,1,0,3.25
494202,1,3,2,2,2,2,53,0,6,1,0,2.25
494402,0,3,4,4,3,8,52,0,6,1,0,3.5
494402,1,3,2,2,2,1,52,0,6,1,0,2.25
495001,0,5,4,4,3,2,59,0,6,0,1,4
495001,1,3,2,3,3,1,59,0,6,0,1,2.75
495601,0,4,4,3,3,6,54,1,12,1,1,3.5
495601,1,4,3,3,3,5,54,1,12,1,1,3.25
495602,0,4,4,2,3,6,52,0,6,1,1,3.25
495602,1,4,3,3,3,5,52,0,6,1,1,3.25
495902,0,4,4,2,2,5,46,0,9,1,1,3
495902,1,4,3,4,3,1,46,0,9,1,1,3.5
496101,0,5,4,4,3,6,53,1,12,1,0,4
496101,1,3,2,2,2,2,53,1,12,1,0,2.25
496102,0,5,4,4,2,6,47,0,12,1,0,3.75
496102,1,3,2,2,2,2,47,0,12,1,0,2.25
496201,0,4,4,3,2,4,53,1,9,1,1,3.25
496201,1,2,2,2,2,2,53,1,9,1,1,2
496202,0,4,5,3,3,4,46,0,9,1,0,3.75
496202,1,2,2,2,2,2,46,0,9,1,0,2
496402,0,4,4,4,2,5,47,0,9,1,1,3.5
496402,1,3,3,3,3,1,47,0,9,1,1,3
496801,0,2,2,4,2,2,46,0,6,0,0,2.5
496801,1,3,4,4,4,2,46,0,6,0,0,3.75
496901,0,4,4,3,3,2,56,0,6,0,0,3.5
496901,1,5,5,4,4,2,56,0,6,0,0,4.5
497601,0,4,4,2,2,5,49,1,9,1,0,3
497601,1,5,4,3,2,2,49,1,9,1,0,3.5
497602,0,4,4,3,3,5,49,0,6,1,0,3.5
497602,1,5,3,3,2,2,49,0,6,1,0,3.25
497701,0,2,2,2,2,2,54,1,12,1,1,2
497701,1,2,2,2,2,2,54,1,12,1,1,2
497702,0,2,2,2,2,2,51,0,9,1,1,2
497702,1,2,2,2,2,2,51,0,9,1,1,2
498301,0,3,4,4,2,3,58,1,9,1,1,3.25
498301,1,2,3,3,3,2,58,1,9,1,1,2.75
499901,0,5,4,4,2,4,50,1,9,1,0,3.75
499901,1,3,3,2,2,2,50,1,9,1,0,2.5
